"State Code","County Code","Site Number","Parameter Code","POC","Latitude","Longitude","Datum","Parameter Name","Duration Description","Pollutant Standard","Year","Units of Measure","Exceptional Data Type","Observation Count","Observation Percent","Primary Exceedance Count","Secdary Exceedance Count","Valid Day Count","Required Day Count","Exceptional Data Count","Certification Indicator","Null Data Count","Half MDL Sub Count","Nonregulatory Arithmetic Mean","Arithmetic Mean","Arithmetic Standard Dev","Weighted Arithmetic Mean","Minimum Value","Nonreg First Maximum Value","Nonreg First Maximum DateTime","First Maximum Value","First Maximum DateTime","Second Maximum Value","Second Maximum DateTime","Third Maximum Value","Third Maximum DateTime","Fourth Maximum Value","Fourth Maximum DateTime","50th Perecentile","75th Perecentile","90th Perecentile","95th Perecentile","98th Perecentile","99th Perecentile","Method Count","Tribe Name","State Name","County Name","City Name","Local Site Name","Address","MSA or CBSA Name","Data Source"
"49","035","3006","86101","1","40.736389","-111.872222","WGS84","PM10-2.5 - Local Conditions","24 HOUR","","2021","Micrograms/cubic meter (LC)","Events Inclucded","343","100",".",".","61","61","87","Certification not required","22","0","","11.949271","9.13349",".","1.1","","","71.6","2021-04-05 00:00","59.5","2021-02-06 00:00","55.9","2021-03-06 00:00","55.8","2021-05-07 00:00","10.2","14.7","20.9","26.5","45.8","55.8","1","","Utah","Salt Lake","Salt Lake City","Hawthorne","1675 SOUTH 600 EAST, SALT LAKE CITY","Salt Lake City, UT","AQS Data Mart"
"49","035","3006","42101","1","40.736389","-111.872222","WGS84","Carbon monoxide","1 HOUR","CO 1-hour 1971","2021","Parts per million","No Events","8139","93","0","0","349","365","0","Certified","621","0","","0.185981","0.192713",".","0","","","1.6","2021-01-21 08:00","1.6","2021-02-02 08:00","1.6","2021-12-22 08:00","1.5","2021-01-20 08:00","0.1","0.2","0.4","0.6","0.8","1","1","","Utah","Salt Lake","Salt Lake City","Hawthorne","1675 SOUTH 600 EAST, SALT LAKE CITY","Salt Lake City, UT","AQS Data Mart"
"49","035","3006","42101","1","40.736389","-111.872222","WGS84","Carbon monoxide","8-HR RUN AVG END HOUR","CO 8-hour 1971","2021","Parts per million","No Events","8265","94","0","0","349","365","0","Certified","0","0","","0.191022","0.162899",".","0","","","1.1","2021-12-21 01:00","1.1","2021-12-21 02:00","1.1","2021-12-22 09:00","1.1","2021-12-22 10:00","0.1","0.3","0.4","0.5","0.7","0.8","1","","Utah","Salt Lake","Salt Lake City","Hawthorne","1675 SOUTH 600 EAST, SALT LAKE CITY","Salt Lake City, UT","AQS Data Mart"
"49","035","3006","42601","2","40.736389","-111.872222","WGS84","Nitric oxide (NO)","1 HOUR","","2021","Parts per billion","Events Inclucded","7120","81",".",".","309","365","2037","Certification not required","1640","0","","6.030913","15.197438",".","-2.2","","","205","2021-12-22 08:00","173.2","2021-12-22 07:00","164.6","2021-12-22 09:00","164.2","2021-12-22 06:00","0.8","3.7","16.6","34.7","59.4","76.7","1","","Utah","Salt Lake","Salt Lake City","Hawthorne","1675 SOUTH 600 EAST, SALT LAKE CITY","Salt Lake City, UT","AQS Data Mart"
"49","035","3006","88109","5","40.736389","-111.872222","WGS84","Bromine PM2.5 LC","24 HOUR","","2021","Micrograms/cubic meter (LC)","No Events","117","96",".",".","117","122","0","Certification not required","6","0","","0.001496","0.0025",".","0","","","0.013","2021-08-26 00:00","0.012","2021-12-21 00:00","0.008","2021-09-07 00:00","0.007","2021-07-09 00:00","0","0.003","0.005","0.006","0.008","0.012","1","","Utah","Salt Lake","Salt Lake City","Hawthorne","1675 SOUTH 600 EAST, SALT LAKE CITY","Salt Lake City, UT","AQS Data Mart"
"49","035","3006","43503","6","40.736389","-111.872222","WGS84","Acetaldehyde","24 HOUR","","2021","Parts per billion Carbon","Events Inclucded","87","71",".",".","86","122","46","Certification not required","3","0","","0.806897","0.85709",".","0","","","4.7","2021-09-07 00:00","3.5","2021-03-23 00:00","3.1","2021-11-18 00:00","3","2021-10-01 00:00","0.5","0.9","2","2.8","3.5","4.7","1","","Utah","Salt Lake","Salt Lake City","Hawthorne","1675 SOUTH 600 EAST, SALT LAKE CITY","Salt Lake City, UT","AQS Data Mart"
"49","035","3006","68112","5","40.736389","-111.872222","WGS84","Sample Flow Rate CV - Nylon Filter","24 HOUR","","2021","Percent","Events Inclucded","117","96",".",".","117","122","29","Certification not required","6","0","","0.784615","0.105549",".","0.2","","","1","2021-10-07 00:00","0.9","2021-01-31 00:00","0.9","2021-03-08 00:00","0.9","2021-03-11 00:00","0.8","0.9","0.9","0.9","0.9","0.9","1","","Utah","Salt Lake","Salt Lake City","Hawthorne","1675 SOUTH 600 EAST, SALT LAKE CITY","Salt Lake City, UT","AQS Data Mart"
"49","035","3006","88355","5","40.736389","-111.872222","WGS84","OC CSN_Rev Unadjusted PM2.5 LC TOT","24 HOUR","","2021","Micrograms/cubic meter (LC)","No Events","116","95",".",".","116","122","0","Certification not required","7","0","","2.297543","2.207949",".","0.594","","","17.148","2021-08-08 00:00","10.239","2021-08-29 00:00","9.44","2021-07-12 00:00","9.231","2021-09-07 00:00","1.694","2.372","3.712","7.518","9.44","10.239","1","","Utah","Salt Lake","Salt Lake City","Hawthorne","1675 SOUTH 600 EAST, SALT LAKE CITY","Salt Lake City, UT","AQS Data Mart"
"49","035","3006","68113","5","40.736389","-111.872222","WGS84","Sample Flow Rate CV - Quartz Filter","24 HOUR","","2021","Percent","Events Inclucded","116","95",".",".","116","122","30","Certification not required","7","0","","0.1","0",".","0.1","","","0.1","2021-01-02 00:00","0.1","2021-01-04 00:00","0.1","2021-01-07 00:00","0.1","2021-01-10 00:00","0.1","0.1","0.1","0.1","0.1","0.1","1","","Utah","Salt Lake","Salt Lake City","Hawthorne","1675 SOUTH 600 EAST, SALT LAKE CITY","Salt Lake City, UT","AQS Data Mart"
"49","035","3006","88377","5","40.736389","-111.872222","WGS84","OC4 CSN_Rev Unadjusted PM2.5 LC","24 HOUR","","2021","Micrograms/cubic meter (LC)","No Events","116","95",".",".","116","122","0","Certification not required","7","0","","0.35594","0.180392",".","0.079","","","1.306","2021-09-07 00:00","1.247","2021-08-08 00:00","0.964","2021-08-26 00:00","0.622","2021-02-06 00:00","0.332","0.417","0.538","0.6","0.964","1.247","1","","Utah","Salt Lake","Salt Lake City","Hawthorne","1675 SOUTH 600 EAST, SALT LAKE CITY","Salt Lake City, UT","AQS Data Mart"
"49","035","3006","88169","5","40.736389","-111.872222","WGS84","Sulfur PM2.5 LC","24 HOUR","","2021","Micrograms/cubic meter (LC)","No Events","117","96",".",".","117","122","0","Certification not required","6","0","","0.149436","0.098604",".","0.019","","","0.709","2021-07-24 00:00","0.519","2021-12-21 00:00","0.508","2021-01-01 00:00","0.308","2021-03-17 00:00","0.129","0.192","0.259","0.288","0.508","0.519","1","","Utah","Salt Lake","Salt Lake City","Hawthorne","1675 SOUTH 600 EAST, SALT LAKE CITY","Salt Lake City, UT","AQS Data Mart"
"49","035","3006","43528","8","40.736389","-111.872222","WGS84","Crotonaldehyde","8 HOUR","","2021","Parts per billion Carbon","Events Inclucded","89","24",".",".","29","122","30","Certification not required","1","0","","0.010112","0.03032",".","0","","","0.1","2021-06-03 04:00","0.1","2021-07-03 20:00","0.1","2021-07-12 12:00","0.1","2021-07-15 04:00","0","0","0.1","0.1","0.1","0.1","1","","Utah","Salt Lake","Salt Lake City","Hawthorne","1675 SOUTH 600 EAST, SALT LAKE CITY","Salt Lake City, UT","AQS Data Mart"
"49","035","3006","43551","8","40.736389","-111.872222","WGS84","Acetone","8 HOUR","","2021","Parts per billion Carbon","Events Inclucded","89","24",".",".","29","122","30","Certification not required","1","0","","5.819101","3.776057",".","1.3","","","16.9","2021-08-29 12:00","16.3","2021-06-18 12:00","15.8","2021-08-11 04:00","14.5","2021-07-12 12:00","5","7.6","11.8","13.4","16.3","16.9","1","","Utah","Salt Lake","Salt Lake City","Hawthorne","1675 SOUTH 600 EAST, SALT LAKE CITY","Salt Lake City, UT","AQS Data Mart"
"49","035","3006","68116","5","40.736389","-111.872222","WGS84","Sample Volume - Quartz Filter","24 HOUR","","2021","Cubic meter","Events Inclucded","116","95",".",".","116","122","30","Certification not required","7","0","","31.7","0",".","31.7","","","31.7","2021-01-02 00:00","31.7","2021-01-04 00:00","31.7","2021-01-07 00:00","31.7","2021-01-10 00:00","31.7","31.7","31.7","31.7","31.7","31.7","1","","Utah","Salt Lake","Salt Lake City","Hawthorne","1675 SOUTH 600 EAST, SALT LAKE CITY","Salt Lake City, UT","AQS Data Mart"
"49","035","3006","88301","5","40.736389","-111.872222","WGS84","Ammonium Ion PM2.5 LC","24 HOUR","","2021","Micrograms/cubic meter (LC)","Events Inclucded","117","96",".",".","117","122","29","Certification not required","6","0","","0.338803","0.65788",".","-0.01","","","5.48","2021-12-21 00:00","2.33","2021-12-03 00:00","2.16","2021-01-13 00:00","1.96","2021-01-01 00:00","0.13","0.32","0.81","1.58","2.16","2.33","1","","Utah","Salt Lake","Salt Lake City","Hawthorne","1675 SOUTH 600 EAST, SALT LAKE CITY","Salt Lake City, UT","AQS Data Mart"
"49","035","3006","43245","1","40.736389","-111.872222","WGS84","1-Hexene","1 HOUR","","2021","Parts per billion Carbon","No Events","6334","72",".",".","275","365","0","Certification not required","2426","0","","0.050631","0.080461",".","0","","","2.6305","2021-09-27 00:00","1.0857","2021-04-26 10:00","0.7815","2021-08-06 09:00","0.7499","2021-12-03 21:00","0.0263","0.0685","0.1356","0.2005","0.282","0.3384","1","","Utah","Salt Lake","Salt Lake City","Hawthorne","1675 SOUTH 600 EAST, SALT LAKE CITY","Salt Lake City, UT","AQS Data Mart"
"49","035","3006","42603","1","40.736389","-111.872222","WGS84","Oxides of nitrogen (NOx)","1 HOUR","","2021","Parts per billion","Events Inclucded","8468","97",".",".","361","365","2120","Certification not required","292","0","","18.98753","25.260261",".","0.7","","","267.1","2021-12-22 08:00","232.2","2021-12-22 07:00","229.3","2021-12-22 09:00","221.4","2021-12-22 06:00","9.4","22","48.5","71.2","102.9","122.7","1","","Utah","Salt Lake","Salt Lake City","Hawthorne","1675 SOUTH 600 EAST, SALT LAKE CITY","Salt Lake City, UT","AQS Data Mart"
"49","035","3006","43205","1","40.736389","-111.872222","WGS84","Propylene","1 HOUR","","2021","Parts per billion Carbon","No Events","6334","72",".",".","275","365","0","Certification not required","2426","0","","0.954666","1.237128",".","0","","","11.4261","2021-12-22 08:00","9.8887","2021-12-21 08:00","9.4948","2021-12-21 09:00","9.1809","2021-12-22 09:00","0.5001","1.1002","2.3039","3.5607","5.1805","6.266","1","","Utah","Salt Lake","Salt Lake City","Hawthorne","1675 SOUTH 600 EAST, SALT LAKE CITY","Salt Lake City, UT","AQS Data Mart"
"49","035","3006","43232","1","40.736389","-111.872222","WGS84","n-Heptane","1 HOUR","","2021","Parts per billion Carbon","No Events","6334","72",".",".","275","365","0","Certification not required","2426","0","","0.726968","0.826808",".","0","","","11.6451","2021-12-03 21:00","8.7781","2021-11-15 17:00","8.5652","2021-04-26 10:00","6.8094","2021-11-30 18:00","0.4734","0.9102","1.6145","2.2722","3.4236","4.2113","1","","Utah","Salt Lake","Salt Lake City","Hawthorne","1675 SOUTH 600 EAST, SALT LAKE CITY","Salt Lake City, UT","AQS Data Mart"
"49","035","3006","43233","1","40.736389","-111.872222","WGS84","n-Octane","1 HOUR","","2021","Parts per billion Carbon","No Events","6334","72",".",".","275","365","0","Certification not required","2426","0","","0.376118","0.477875",".","0","","","5.3256","2021-11-05 08:00","5.1875","2021-12-03 21:00","4.1824","2021-12-07 08:00","3.9616","2021-11-04 07:00","0.2328","0.4716","0.9004","1.3286","1.9696","2.3414","1","","Utah","Salt Lake","Salt Lake City","Hawthorne","1675 SOUTH 600 EAST, SALT LAKE CITY","Salt Lake City, UT","AQS Data Mart"
"49","035","3006","43250","1","40.736389","-111.872222","WGS84","2,2,4-Trimethylpentane","1 HOUR","","2021","Parts per billion Carbon","No Events","6334","72",".",".","275","365","0","Certification not required","2426","0","","1.39777","1.673068",".","0","","","30.3054","2021-04-09 11:00","23.2231","2021-04-26 10:00","21.8524","2021-04-09 14:00","20.1011","2021-12-27 21:00","0.8203","1.8782","3.3196","4.5875","6.4872","7.4024","1","","Utah","Salt Lake","Salt Lake City","Hawthorne","1675 SOUTH 600 EAST, SALT LAKE CITY","Salt Lake City, UT","AQS Data Mart"
"49","035","3006","45211","1","40.736389","-111.872222","WGS84","o-Ethyltoluene","1 HOUR","","2021","Parts per billion Carbon","No Events","6334","72",".",".","275","365","0","Certification not required","2426","0","","0.23024","0.298233",".","0","","","4.0744","2021-01-12 19:00","3.7884","2021-12-13 08:00","2.3405","2021-01-22 09:00","2.225","2021-01-22 08:00","0.1554","0.3352","0.5834","0.7946","1.1472","1.3677","1","","Utah","Salt Lake","Salt Lake City","Hawthorne","1675 SOUTH 600 EAST, SALT LAKE CITY","Salt Lake City, UT","AQS Data Mart"
"49","035","3006","45210","1","40.736389","-111.872222","WGS84","Isopropylbenzene","1 HOUR","","2021","Parts per billion Carbon","No Events","6334","72",".",".","275","365","0","Certification not required","2426","0","","0.015357","0.049059",".","0","","","0.6372","2021-01-12 19:00","0.4848","2021-10-22 08:00","0.3678","2021-01-22 09:00","0.3565","2021-01-22 08:00","0","0","0.0757","0.1397","0.1919","0.2265","1","","Utah","Salt Lake","Salt Lake City","Hawthorne","1675 SOUTH 600 EAST, SALT LAKE CITY","Salt Lake City, UT","AQS Data Mart"
"49","035","3006","43102","1","40.736389","-111.872222","WGS84","Total NMOC (non-methane organic compound)","1 HOUR","","2021","Parts per billion Carbon","No Events","6338","72",".",".","276","365","0","Certification not required","2422","0","","75.175947","75.505064",".","0","","","1134.8","2021-04-02 07:00","1087.396","2021-12-03 07:00","643.123","2021-11-23 05:00","628.959","2021-12-03 21:00","49.1435","91.3757","161.6067","226.9612","312.427","363.799","1","","Utah","Salt Lake","Salt Lake City","Hawthorne","1675 SOUTH 600 EAST, SALT LAKE CITY","Salt Lake City, UT","AQS Data Mart"
"49","035","3006","43551","6","40.736389","-111.872222","WGS84","Acetone","24 HOUR","","2021","Parts per billion Carbon","Events Inclucded","87","71",".",".","86","122","46","Certification not required","3","0","","2.167816","1.798933",".","0.1","","","11.3","2021-09-28 00:00","7.5","2021-01-13 00:00","6.6","2021-05-01 00:00","6.1","2021-11-18 00:00","1.5","2.5","4.8","6","7.5","11.3","1","","Utah","Salt Lake","Salt Lake City","Hawthorne","1675 SOUTH 600 EAST, SALT LAKE CITY","Salt Lake City, UT","AQS Data Mart"
"49","035","3006","43504","6","40.736389","-111.872222","WGS84","Propionaldehyde","24 HOUR","","2021","Parts per billion Carbon","Events Inclucded","87","71",".",".","86","122","46","Certification not required","3","0","","0.185057","0.16177",".","0","","","0.8","2021-09-07 00:00","0.6","2021-03-23 00:00","0.6","2021-09-25 00:00","0.6","2021-10-01 00:00","0.1","0.2","0.5","0.6","0.6","0.8","1","","Utah","Salt Lake","Salt Lake City","Hawthorne","1675 SOUTH 600 EAST, SALT LAKE CITY","Salt Lake City, UT","AQS Data Mart"
"49","035","3006","88379","5","40.736389","-111.872222","WGS84","OP PM2.5 LC TOT","24 HOUR","","2021","Micrograms/cubic meter (LC)","No Events","116","95",".",".","116","122","0","Certification not required","7","0","","0.457483","0.765203",".","0.027","","","6.034","2021-08-08 00:00","3.431","2021-08-29 00:00","3.11","2021-07-12 00:00","2.488","2021-09-04 00:00","0.232","0.389","0.868","2.217","3.11","3.431","1","","Utah","Salt Lake","Salt Lake City","Hawthorne","1675 SOUTH 600 EAST, SALT LAKE CITY","Salt Lake City, UT","AQS Data Mart"
"49","035","3006","88324","5","40.736389","-111.872222","WGS84","OC1 PM2.5 LC","24 HOUR","","2021","Micrograms/cubic meter (LC)","Events Inclucded","116","95",".",".","116","122","30","Certification not required","7","0","","0.066026","0.087735",".","-0.012","","","0.604","2021-08-08 00:00","0.498","2021-12-21 00:00","0.284","2021-09-07 00:00","0.273","2021-12-03 00:00","0.038","0.074","0.149","0.218","0.284","0.498","1","","Utah","Salt Lake","Salt Lake City","Hawthorne","1675 SOUTH 600 EAST, SALT LAKE CITY","Salt Lake City, UT","AQS Data Mart"
"49","035","3006","43502","8","40.736389","-111.872222","WGS84","Formaldehyde","8 HOUR","","2021","Parts per billion Carbon","Events Inclucded","89","24",".",".","29","122","30","Certification not required","1","0","","2.858427","3.096362",".","0.3","","","14.6","2021-07-12 12:00","13.3","2021-07-03 20:00","13.3","2021-07-15 04:00","13.3","2021-07-21 04:00","1.7","3.1","7.7","10.6","13.3","14.6","1","","Utah","Salt Lake","Salt Lake City","Hawthorne","1675 SOUTH 600 EAST, SALT LAKE CITY","Salt Lake City, UT","AQS Data Mart"
"49","035","3006","43263","1","40.736389","-111.872222","WGS84","2-Methylhexane","1 HOUR","","2021","Parts per billion Carbon","No Events","6334","72",".",".","275","365","0","Certification not required","2426","0","","0.549918","0.781572",".","0","","","29.6258","2021-11-15 17:00","10.7171","2021-12-03 21:00","8.1151","2021-04-26 10:00","5.0569","2021-12-22 08:00","0.3452","0.7249","1.3","1.9069","2.7129","3.311","1","","Utah","Salt Lake","Salt Lake City","Hawthorne","1675 SOUTH 600 EAST, SALT LAKE CITY","Salt Lake City, UT","AQS Data Mart"
"49","035","3006","43249","1","40.736389","-111.872222","WGS84","3-Methylhexane","1 HOUR","","2021","Parts per billion Carbon","No Events","6334","72",".",".","275","365","0","Certification not required","2426","0","","0.714255","0.867269",".","0","","","33.082","2021-11-15 17:00","11.9183","2021-12-03 21:00","8.8495","2021-04-26 10:00","5.9955","2021-11-19 21:00","0.4804","0.9038","1.5591","2.1854","3.0432","3.8149","1","","Utah","Salt Lake","Salt Lake City","Hawthorne","1675 SOUTH 600 EAST, SALT LAKE CITY","Salt Lake City, UT","AQS Data Mart"
"49","035","3006","43284","1","40.736389","-111.872222","WGS84","2,3-Dimethylbutane","1 HOUR","","2021","Parts per billion Carbon","No Events","6334","72",".",".","275","365","0","Certification not required","2426","0","","0.399353","0.459084",".","0","","","10.1909","2021-04-26 10:00","8.8694","2021-12-03 07:00","6.1547","2021-11-23 05:00","5.9147","2021-11-23 04:00","0.2549","0.5194","0.8972","1.2187","1.6995","2.0554","1","","Utah","Salt Lake","Salt Lake City","Hawthorne","1675 SOUTH 600 EAST, SALT LAKE CITY","Salt Lake City, UT","AQS Data Mart"
"49","035","3006","45220","1","40.736389","-111.872222","WGS84","Styrene","1 HOUR","","2021","Parts per billion Carbon","No Events","6333","72",".",".","275","365","0","Certification not required","2427","0","","0.176386","0.69974",".","0","","","45.5495","2021-01-22 09:00","15.2869","2021-01-22 10:00","9.8523","2021-10-24 08:00","5.7423","2021-12-03 10:00","0.1028","0.1918","0.3405","0.5751","0.9668","1.5641","1","","Utah","Salt Lake","Salt Lake City","Hawthorne","1675 SOUTH 600 EAST, SALT LAKE CITY","Salt Lake City, UT","AQS Data Mart"
"49","035","3006","43141","1","40.736389","-111.872222","WGS84","n-Dodecane","1 HOUR","","2021","Parts per billion Carbon","No Events","6334","72",".",".","275","365","0","Certification not required","2426","0","","0.131008","0.199181",".","0","","","6.436","2021-12-13 08:00","2.3922","2021-01-01 01:00","2.0697","2021-12-22 08:00","2.0076","2021-12-22 07:00","0.0873","0.1978","0.3339","0.4693","0.6534","0.8157","1","","Utah","Salt Lake","Salt Lake City","Hawthorne","1675 SOUTH 600 EAST, SALT LAKE CITY","Salt Lake City, UT","AQS Data Mart"
"49","035","3006","43221","1","40.736389","-111.872222","WGS84","Isopentane","1 HOUR","","2021","Parts per billion Carbon","No Events","6334","72",".",".","275","365","0","Certification not required","2426","0","","4.255631","5.081117",".","0","","","173.1225","2021-12-03 07:00","90.2172","2021-11-23 05:00","85.8037","2021-11-23 04:00","61.2158","2021-04-26 10:00","2.8014","5.4132","9.3063","12.5568","17.4285","20.9745","1","","Utah","Salt Lake","Salt Lake City","Hawthorne","1675 SOUTH 600 EAST, SALT LAKE CITY","Salt Lake City, UT","AQS Data Mart"
"49","035","3006","43261","1","40.736389","-111.872222","WGS84","Methylcyclohexane","1 HOUR","","2021","Parts per billion Carbon","No Events","6334","72",".",".","275","365","0","Certification not required","2426","0","","0.438427","0.6382",".","0","","","7.1657","2021-12-03 21:00","5.6183","2021-11-09 11:00","5.5987","2021-01-22 09:00","5.3536","2021-12-21 14:00","0.2064","0.5692","1.1544","1.7046","2.5175","3.092","1","","Utah","Salt Lake","Salt Lake City","Hawthorne","1675 SOUTH 600 EAST, SALT LAKE CITY","Salt Lake City, UT","AQS Data Mart"
"49","035","3006","45203","1","40.736389","-111.872222","WGS84","Ethylbenzene","1 HOUR","","2021","Parts per billion Carbon","No Events","6334","72",".",".","275","365","0","Certification not required","2426","0","","0.500818","0.587538",".","0","","","9.489","2021-11-05 08:00","5.6636","2021-12-03 18:00","5.3398","2021-12-03 19:00","5.1974","2021-01-22 09:00","0.3031","0.6423","1.1469","1.6527","2.4099","2.8437","1","","Utah","Salt Lake","Salt Lake City","Hawthorne","1675 SOUTH 600 EAST, SALT LAKE CITY","Salt Lake City, UT","AQS Data Mart"
"49","035","3006","45208","1","40.736389","-111.872222","WGS84","1,2,4-Trimethylbenzene","1 HOUR","","2021","Parts per billion Carbon","No Events","6334","72",".",".","275","365","0","Certification not required","2426","0","","0.654768","0.767533",".","0","","","8.3823","2021-01-12 19:00","6.2871","2021-12-22 08:00","6.2478","2021-01-22 08:00","5.9116","2021-12-22 06:00","0.4096","0.8236","1.5039","2.1338","3.2564","3.9083","1","","Utah","Salt Lake","Salt Lake City","Hawthorne","1675 SOUTH 600 EAST, SALT LAKE CITY","Salt Lake City, UT","AQS Data Mart"
"49","035","3006","45204","1","40.736389","-111.872222","WGS84","o-Xylene","1 HOUR","","2021","Parts per billion Carbon","No Events","6334","72",".",".","275","365","0","Certification not required","2426","0","","0.728224","0.800103",".","0","","","10.6848","2021-11-05 08:00","7.3817","2021-12-03 18:00","7.0309","2021-01-22 09:00","6.7774","2021-09-28 16:00","0.4542","0.9097","1.6045","2.306","3.3118","4.0163","1","","Utah","Salt Lake","Salt Lake City","Hawthorne","1675 SOUTH 600 EAST, SALT LAKE CITY","Salt Lake City, UT","AQS Data Mart"
"49","035","3006","43204","1","40.736389","-111.872222","WGS84","Propane","1 HOUR","","2021","Parts per billion Carbon","No Events","6334","72",".",".","275","365","0","Certification not required","2426","0","","6.654612","8.504288",".","0.5242","","","283.383","2021-10-29 01:00","191.777","2021-11-05 08:00","171.6606","2021-10-29 00:00","99.1362","2021-07-25 01:00","4.2184","7.7438","14.4059","20.3889","28.8589","35.6624","1","","Utah","Salt Lake","Salt Lake City","Hawthorne","1675 SOUTH 600 EAST, SALT LAKE CITY","Salt Lake City, UT","AQS Data Mart"
"49","035","3006","43224","1","40.736389","-111.872222","WGS84","1-Pentene","1 HOUR","","2021","Parts per billion Carbon","No Events","6334","72",".",".","275","365","0","Certification not required","2426","0","","0.121702","0.147799",".","0","","","3.0549","2021-11-23 05:00","2.9104","2021-11-23 04:00","2.8591","2021-12-03 07:00","2.8354","2021-04-26 10:00","0.0806","0.1509","0.2691","0.3696","0.519","0.6132","1","","Utah","Salt Lake","Salt Lake City","Hawthorne","1675 SOUTH 600 EAST, SALT LAKE CITY","Salt Lake City, UT","AQS Data Mart"
"49","035","3006","68105","5","40.736389","-111.872222","WGS84","Average Ambient Temperature","24 HOUR","","2021","Degrees Centigrade","Events Inclucded","117","96",".",".","117","122","29","Certification not required","6","0","","13.5","10.266375",".","-3.2","","","32.6","2021-06-15 00:00","32.1","2021-07-18 00:00","30.9","2021-07-12 00:00","30.6","2021-07-09 00:00","11.5","22.6","28.3","30.3","30.9","32.1","1","","Utah","Salt Lake","Salt Lake City","Hawthorne","1675 SOUTH 600 EAST, SALT LAKE CITY","Salt Lake City, UT","AQS Data Mart"
"49","035","3006","88375","5","40.736389","-111.872222","WGS84","OC2 CSN_Rev Unadjusted PM2.5 LC","24 HOUR","","2021","Micrograms/cubic meter (LC)","Events Inclucded","116","95",".",".","116","122","30","Certification not required","7","0","","0.589198","0.520093",".","0.192","","","3.762","2021-08-08 00:00","2.6","2021-08-29 00:00","2.293","2021-07-12 00:00","2.201","2021-09-07 00:00","0.447","0.623","0.98","1.806","2.293","2.6","1","","Utah","Salt Lake","Salt Lake City","Hawthorne","1675 SOUTH 600 EAST, SALT LAKE CITY","Salt Lake City, UT","AQS Data Mart"
"49","035","3006","45501","8","40.736389","-111.872222","WGS84","Benzaldehyde","8 HOUR","","2021","Parts per billion Carbon","Events Inclucded","88","24",".",".","28","122","29","Certification not required","2","0","","0.217045","0.202412",".","0","","","0.9","2021-07-21 04:00","0.9","2021-07-27 04:00","0.9","2021-08-02 04:00","0.8","2021-06-03 04:00","0.1","0.2","0.6","0.7","0.9","0.9","1","","Utah","Salt Lake","Salt Lake City","Hawthorne","1675 SOUTH 600 EAST, SALT LAKE CITY","Salt Lake City, UT","AQS Data Mart"
"49","035","3006","42602","3","40.736389","-111.872222","WGS84","Nitrogen dioxide (NO2)","1 HOUR","NO2 1-hour 2010","2021","Parts per billion","No Events","8397","96","0",".","357","365","0","Certified","363","0","","23.305042","10.933501",".","2.1","","","53.2","2021-12-21 16:00","52.1","2021-12-22 09:00","48.6","2021-02-02 09:00","48.3","2021-02-23 07:00","22.6","32.5","37.7","41.2","44.3","48.3","1","","Utah","Salt Lake","Salt Lake City","Hawthorne","1675 SOUTH 600 EAST, SALT LAKE CITY","Salt Lake City, UT","AQS Data Mart"
"49","035","3006","43517","6","40.736389","-111.872222","WGS84","Hexanaldehyde","24 HOUR","","2021","Parts per billion Carbon","Events Inclucded","86","70",".",".","85","122","45","Certification not required","4","0","","0.144186","0.147612",".","0","","","0.9","2021-03-23 00:00","0.5","2021-04-12 00:00","0.5","2021-09-07 00:00","0.4","2021-02-03 00:00","0.1","0.2","0.4","0.4","0.5","0.9","1","","Utah","Salt Lake","Salt Lake City","Hawthorne","1675 SOUTH 600 EAST, SALT LAKE CITY","Salt Lake City, UT","AQS Data Mart"
"49","035","3006","42601","1","40.736389","-111.872222","WGS84","Nitric oxide (NO)","1 HOUR","","2021","Parts per billion","Events Inclucded","8463","97",".",".","361","365","2117","Certification not required","297","0","","6.502233","16.082394",".","-0.5","","","205","2021-12-22 08:00","171.9","2021-12-22 07:00","171.5","2021-02-02 08:00","167.1","2021-12-22 09:00","0.8","3.7","18.6","38.1","64.7","82.1","1","","Utah","Salt Lake","Salt Lake City","Hawthorne","1675 SOUTH 600 EAST, SALT LAKE CITY","Salt Lake City, UT","AQS Data Mart"
"49","035","3006","88303","5","40.736389","-111.872222","WGS84","Potassium Ion PM2.5 LC","24 HOUR","","2021","Micrograms/cubic meter (LC)","Events Inclucded","117","96",".",".","117","122","29","Certification not required","6","0","","0.04641","0.162345",".","-0.01","","","1.56","2021-07-24 00:00","0.77","2021-01-01 00:00","0.32","2021-08-08 00:00","0.24","2021-06-03 00:00","0.01","0.03","0.05","0.13","0.32","0.77","1","","Utah","Salt Lake","Salt Lake City","Hawthorne","1675 SOUTH 600 EAST, SALT LAKE CITY","Salt Lake City, UT","AQS Data Mart"
"49","035","3006","43517","8","40.736389","-111.872222","WGS84","Hexanaldehyde","8 HOUR","","2021","Parts per billion Carbon","Events Inclucded","86","23",".",".","26","122","30","Certification not required","4","0","","0.619767","0.651662",".","0.1","","","4.5","2021-07-03 20:00","2.8","2021-06-29 04:00","2.6","2021-06-18 12:00","1.8","2021-08-14 04:00","0.4","0.8","1.2","1.7","2.8","4.5","1","","Utah","Salt Lake","Salt Lake City","Hawthorne","1675 SOUTH 600 EAST, SALT LAKE CITY","Salt Lake City, UT","AQS Data Mart"
"49","035","3006","88348","5","40.736389","-111.872222","WGS84","Soil PM2.5 LC","24 HOUR","","2021","Micrograms/cubic meter (LC)","No Events","117","96",".",".","117","122","0","Certification not required","6","0","","1.053833","0.809722",".","0.02398","","","4.64795","2021-06-06 00:00","4.14136","2021-03-29 00:00","3.78125","2021-02-06 00:00","3.32692","2021-05-07 00:00","0.89766","1.34137","2.1685","2.44582","3.78125","4.14136","1","","Utah","Salt Lake","Salt Lake City","Hawthorne","1675 SOUTH 600 EAST, SALT LAKE CITY","Salt Lake City, UT","AQS Data Mart"
"49","035","3006","88203","5","40.736389","-111.872222","WGS84","Chloride PM2.5 LC","24 HOUR","","2021","Micrograms/cubic meter (LC)","Events Inclucded","117","96",".",".","117","122","29","Certification not required","6","0","","0.118828","0.243064",".","0.00092","","","2.34529","2021-01-01 00:00","0.82923","2021-12-21 00:00","0.6394","2021-12-03 00:00","0.55971","2021-12-06 00:00","0.05238","0.12164","0.23557","0.39601","0.6394","0.82923","1","","Utah","Salt Lake","Salt Lake City","Hawthorne","1675 SOUTH 600 EAST, SALT LAKE CITY","Salt Lake City, UT","AQS Data Mart"
"49","035","3006","45501","6","40.736389","-111.872222","WGS84","Benzaldehyde","24 HOUR","","2021","Parts per billion Carbon","Events Inclucded","87","71",".",".","86","122","46","Certification not required","3","0","","0.117241","0.110187",".","0","","","0.6","2021-03-23 00:00","0.4","2021-02-27 00:00","0.4","2021-05-01 00:00","0.3","2021-02-03 00:00","0.1","0.1","0.3","0.3","0.4","0.6","1","","Utah","Salt Lake","Salt Lake City","Hawthorne","1675 SOUTH 600 EAST, SALT LAKE CITY","Salt Lake City, UT","AQS Data Mart"
"49","035","3006","43528","6","40.736389","-111.872222","WGS84","Crotonaldehyde","24 HOUR","","2021","Parts per billion Carbon","Events Inclucded","53","43",".",".","53","122","12","Certification not required","37","0","","0.00566","0.02333",".","0","","","0.1","2021-05-01 00:00","0.1","2021-05-31 00:00","0.1","2021-09-07 00:00","0","2021-01-07 00:00","0","0","0","0.1","0.1","0.1","1","","Utah","Salt Lake","Salt Lake City","Hawthorne","1675 SOUTH 600 EAST, SALT LAKE CITY","Salt Lake City, UT","AQS Data Mart"
"49","035","3006","43552","8","40.736389","-111.872222","WGS84","Methyl ethyl ketone","8 HOUR","","2021","Parts per billion Carbon","Events Inclucded","89","24",".",".","29","122","30","Certification not required","1","0","","0.461798","0.405223",".","0.1","","","2","2021-06-18 12:00","1.7","2021-06-03 04:00","1.6","2021-07-12 12:00","1.6","2021-08-11 04:00","0.3","0.6","1.1","1.5","1.7","2","1","","Utah","Salt Lake","Salt Lake City","Hawthorne","1675 SOUTH 600 EAST, SALT LAKE CITY","Salt Lake City, UT","AQS Data Mart"
"49","035","3006","43504","8","40.736389","-111.872222","WGS84","Propionaldehyde","8 HOUR","","2021","Parts per billion Carbon","Events Inclucded","89","24",".",".","29","122","30","Certification not required","1","0","","0.466292","0.49565",".","0.1","","","2.3","2021-07-21 04:00","2.1","2021-07-03 20:00","2","2021-07-12 12:00","1.8","2021-07-15 04:00","0.3","0.5","1.3","1.8","2.1","2.3","1","","Utah","Salt Lake","Salt Lake City","Hawthorne","1675 SOUTH 600 EAST, SALT LAKE CITY","Salt Lake City, UT","AQS Data Mart"
"49","035","3006","43510","8","40.736389","-111.872222","WGS84","Butyraldehyde","8 HOUR","","2021","Parts per billion Carbon","Events Inclucded","89","24",".",".","29","122","30","Certification not required","1","0","","0.217157","0.238488",".","0.026","","","1.168","2021-07-21 04:00","0.953","2021-07-03 20:00","0.945","2021-07-15 04:00","0.899","2021-07-12 12:00","0.138","0.22","0.614","0.868","0.953","1.168","1","","Utah","Salt Lake","Salt Lake City","Hawthorne","1675 SOUTH 600 EAST, SALT LAKE CITY","Salt Lake City, UT","AQS Data Mart"
"49","035","3006","43503","8","40.736389","-111.872222","WGS84","Acetaldehyde","8 HOUR","","2021","Parts per billion Carbon","Events Inclucded","89","24",".",".","29","122","30","Certification not required","1","0","","2.011236","2.200384",".","0.3","","","9.9","2021-07-21 04:00","9.6","2021-07-12 12:00","9","2021-07-15 04:00","8.8","2021-07-03 20:00","1.2","2","5.7","7.2","9.6","9.9","1","","Utah","Salt Lake","Salt Lake City","Hawthorne","1675 SOUTH 600 EAST, SALT LAKE CITY","Salt Lake City, UT","AQS Data Mart"
"49","035","3006","42401","1","40.736389","-111.872222","WGS84","Sulfur dioxide","1 HOUR","SO2 1-hour 2010","2021","Parts per billion","No Events","8517","97","0",".","359","365","0","Certified","243","0","","1.491086","0.895382",".","0","","","6.2","2021-12-22 18:00","4.5","2021-06-02 14:00","4.4","2021-12-03 11:00","3.8","2021-12-21 14:00","1.5","2.1","2.6","2.9","3.2","3.8","1","","Utah","Salt Lake","Salt Lake City","Hawthorne","1675 SOUTH 600 EAST, SALT LAKE CITY","Salt Lake City, UT","AQS Data Mart"
"49","035","3006","42401","1","40.736389","-111.872222","WGS84","Sulfur dioxide","3-HR BLK AVG","SO2 3-hour 1971","2021","Parts per billion","No Events","2716","93",".","0","354","365","0","Certified","0","0","","1.055707","0.75402",".","-0.9","","","5","2021-12-22 20:00","3.6","2021-12-21 14:00","3.5","2021-12-03 14:00","3.3","2021-12-22 17:00","1.1","1.6","2","2.2","2.4","2.6","1","","Utah","Salt Lake","Salt Lake City","Hawthorne","1675 SOUTH 600 EAST, SALT LAKE CITY","Salt Lake City, UT","AQS Data Mart"
"49","035","3006","68108","5","40.736389","-111.872222","WGS84","Average Ambient Pressure","24 HOUR","","2021","Millimeters (mercury)","Events Inclucded","117","96",".",".","117","122","29","Certification not required","6","0","","648.452991","4.267955",".","638","","","659","2021-11-21 00:00","657","2021-02-21 00:00","656","2021-01-10 00:00","656","2021-01-16 00:00","648","651","655","656","656","657","1","","Utah","Salt Lake","Salt Lake City","Hawthorne","1675 SOUTH 600 EAST, SALT LAKE CITY","Salt Lake City, UT","AQS Data Mart"
"49","035","3006","68105","1","40.736389","-111.872222","WGS84","Average Ambient Temperature","24 HOUR","","2021","Degrees Centigrade","Events Inclucded","352","100",".",".","61","61","88","Certification not required","13","0","","13.990057","10.472147",".","-4.8","","","34","2021-06-15 00:00","33.4","2021-07-18 00:00","33.3","2021-07-07 00:00","32.9","2021-07-13 00:00","11.9","23.8","29.3","30.7","32.1","32.9","1","","Utah","Salt Lake","Salt Lake City","Hawthorne","1675 SOUTH 600 EAST, SALT LAKE CITY","Salt Lake City, UT","AQS Data Mart"
"49","035","3006","68107","1","40.736389","-111.872222","WGS84","Sample Max Baro Pressure","24 HOUR","","2021","Millimeters (mercury)","Events Inclucded","352","100",".",".","61","61","88","Certification not required","13","0","","654.15625","3.980868",".","643","","","665","2021-11-25 00:00","664","2021-11-21 00:00","663","2021-01-14 00:00","663","2021-01-15 00:00","654","657","659","661","662","663","1","","Utah","Salt Lake","Salt Lake City","Hawthorne","1675 SOUTH 600 EAST, SALT LAKE CITY","Salt Lake City, UT","AQS Data Mart"
"49","035","3006","88382","5","40.736389","-111.872222","WGS84","OC PM2.5 LC TOT","24 HOUR","","2021","Micrograms/cubic meter (LC)","No Events","116","95",".",".","116","122","0","Certification not required","7","0","","2.114609","2.203178",".","0.42027","","","16.95227","2021-08-08 00:00","10.04393","2021-08-29 00:00","9.21544","2021-07-12 00:00","9.04938","2021-09-07 00:00","1.52722","2.17059","3.5303","7.33584","9.21544","10.04393","1","","Utah","Salt Lake","Salt Lake City","Hawthorne","1675 SOUTH 600 EAST, SALT LAKE CITY","Salt Lake City, UT","AQS Data Mart"
"49","035","3006","88370","5","40.736389","-111.872222","WGS84","OC CSN_Rev Unadjusted PM2.5 LC TOR","24 HOUR","","2021","Micrograms/cubic meter (LC)","No Events","116","95",".",".","116","122","0","Certification not required","7","0","","2.171931","2.044467",".","0.566","","","16.018","2021-08-08 00:00","9.707","2021-08-29 00:00","8.716","2021-07-12 00:00","8.212","2021-09-07 00:00","1.612","2.282","3.458","7.089","8.716","9.707","1","","Utah","Salt Lake","Salt Lake City","Hawthorne","1675 SOUTH 600 EAST, SALT LAKE CITY","Salt Lake City, UT","AQS Data Mart"
"49","035","3006","88306","5","40.736389","-111.872222","WGS84","Total Nitrate PM2.5 LC","24 HOUR","","2021","Micrograms/cubic meter (LC)","Events Inclucded","117","96",".",".","117","122","29","Certification not required","6","0","","1.311282","2.31504",".","0.01","","","17.92","2021-12-21 00:00","9.03","2021-01-13 00:00","8.32","2021-12-03 00:00","6.97","2021-11-30 00:00","0.44","1.11","3.76","5.72","8.32","9.03","1","","Utah","Salt Lake","Salt Lake City","Hawthorne","1675 SOUTH 600 EAST, SALT LAKE CITY","Salt Lake City, UT","AQS Data Mart"
"49","035","3006","88331","5","40.736389","-111.872222","WGS84","EC3 PM2.5 LC","24 HOUR","","2021","Micrograms/cubic meter (LC)","No Events","116","95",".",".","116","122","0","Certification not required","7","0","","0.010733","0.006771",".","0","","","0.047","2021-08-08 00:00","0.034","2021-09-04 00:00","0.032","2021-08-26 00:00","0.03","2021-08-29 00:00","0.01","0.014","0.016","0.022","0.032","0.034","1","","Utah","Salt Lake","Salt Lake City","Hawthorne","1675 SOUTH 600 EAST, SALT LAKE CITY","Salt Lake City, UT","AQS Data Mart"
"49","035","3006","88111","5","40.736389","-111.872222","WGS84","Calcium PM2.5 LC","24 HOUR","","2021","Micrograms/cubic meter (LC)","No Events","117","96",".",".","117","122","0","Certification not required","6","0","","0.122872","0.104021",".","0.004","","","0.646","2021-05-07 00:00","0.559","2021-02-06 00:00","0.419","2021-06-06 00:00","0.327","2021-07-09 00:00","0.102","0.169","0.26","0.299","0.419","0.559","1","","Utah","Salt Lake","Salt Lake City","Hawthorne","1675 SOUTH 600 EAST, SALT LAKE CITY","Salt Lake City, UT","AQS Data Mart"
"49","035","3006","88115","5","40.736389","-111.872222","WGS84","Chlorine PM2.5 LC","24 HOUR","","2021","Micrograms/cubic meter (LC)","No Events","117","96",".",".","117","122","0","Certification not required","6","0","","0.018556","0.045653",".","-0.002","","","0.435","2021-12-21 00:00","0.149","2021-06-03 00:00","0.128","2021-01-01 00:00","0.117","2021-05-07 00:00","0.006","0.018","0.046","0.064","0.128","0.149","1","","Utah","Salt Lake","Salt Lake City","Hawthorne","1675 SOUTH 600 EAST, SALT LAKE CITY","Salt Lake City, UT","AQS Data Mart"
"49","035","3006","88131","5","40.736389","-111.872222","WGS84","Indium PM2.5 LC","24 HOUR","","2021","Micrograms/cubic meter (LC)","No Events","117","96",".",".","117","122","0","Certification not required","6","0","","0.000872","0.008345",".","-0.014","","","0.023","2021-12-21 00:00","0.019","2021-02-09 00:00","0.016","2021-06-12 00:00","0.016","2021-07-15 00:00","0.001","0.008","0.012","0.015","0.016","0.019","1","","Utah","Salt Lake","Salt Lake City","Hawthorne","1675 SOUTH 600 EAST, SALT LAKE CITY","Salt Lake City, UT","AQS Data Mart"
"49","035","3006","88136","5","40.736389","-111.872222","WGS84","Nickel PM2.5 LC","24 HOUR","","2021","Micrograms/cubic meter (LC)","Events Inclucded","117","96",".",".","117","122","29","Certification not required","6","0","","0.000393","0.000991",".","-0.001","","","0.005","2021-01-25 00:00","0.005","2021-06-03 00:00","0.002","2021-01-13 00:00","0.002","2021-01-28 00:00","0","0.001","0.002","0.002","0.002","0.005","1","","Utah","Salt Lake","Salt Lake City","Hawthorne","1675 SOUTH 600 EAST, SALT LAKE CITY","Salt Lake City, UT","AQS Data Mart"
"49","035","3006","85101","1","40.736389","-111.872222","WGS84","PM10 - LC","24 HOUR","","2021","Micrograms/cubic meter (LC)","No Events","352","96",".",".","352","365","0","Certification not required","13","0","","20.244318","13.554889",".","3","","","82","2021-04-05 00:00","80","2021-08-06 00:00","67","2021-12-22 00:00","66","2021-05-07 00:00","17","25","39","50","58","66","1","","Utah","Salt Lake","Salt Lake City","Hawthorne","1675 SOUTH 600 EAST, SALT LAKE CITY","Salt Lake City, UT","AQS Data Mart"
"49","035","3006","68117","5","40.736389","-111.872222","WGS84","Average Ambient Temperature for URG3000N","24 HOUR","","2021","Degrees Centigrade","Events Inclucded","116","95",".",".","116","122","30","Certification not required","7","0","","13.837931","10.100647",".","-2.1","","","33","2021-07-18 00:00","32.7","2021-06-15 00:00","32.1","2021-07-12 00:00","31.9","2021-07-09 00:00","12.3","23","28.4","31.5","32.1","32.7","1","","Utah","Salt Lake","Salt Lake City","Hawthorne","1675 SOUTH 600 EAST, SALT LAKE CITY","Salt Lake City, UT","AQS Data Mart"
"49","035","3006","88103","5","40.736389","-111.872222","WGS84","Arsenic PM2.5 LC","24 HOUR","","2021","Micrograms/cubic meter (LC)","No Events","117","96",".",".","117","122","0","Certification not required","6","0","","0.000026","0.000277",".","0","","","0.003","2021-12-21 00:00","0","2021-01-01 00:00","0","2021-01-04 00:00","0","2021-01-07 00:00","0","0","0","0","0","0","1","","Utah","Salt Lake","Salt Lake City","Hawthorne","1675 SOUTH 600 EAST, SALT LAKE CITY","Salt Lake City, UT","AQS Data Mart"
"49","035","3006","43226","1","40.736389","-111.872222","WGS84","trans-2-Pentene","1 HOUR","","2021","Parts per billion Carbon","No Events","6323","72",".",".","275","365","0","Certification not required","2437","0","","0.194968","1.113909",".","0","","","79.7422","2021-05-21 12:00","25.2477","2021-05-14 12:00","14.7104","2021-10-08 08:00","8.3165","2021-05-14 13:00","0.0751","0.2033","0.486","0.6855","0.9429","1.1519","1","","Utah","Salt Lake","Salt Lake City","Hawthorne","1675 SOUTH 600 EAST, SALT LAKE CITY","Salt Lake City, UT","AQS Data Mart"
"49","035","3006","43230","1","40.736389","-111.872222","WGS84","3-Methylpentane","1 HOUR","","2021","Parts per billion Carbon","No Events","6334","72",".",".","275","365","0","Certification not required","2426","0","","0.790581","0.81948",".","0","","","14.3968","2021-12-03 21:00","13.59","2021-12-03 07:00","11.3803","2021-04-26 10:00","7.447","2021-02-01 01:00","0.5338","1.0081","1.7271","2.3369","3.2237","3.8701","1","","Utah","Salt Lake","Salt Lake City","Hawthorne","1675 SOUTH 600 EAST, SALT LAKE CITY","Salt Lake City, UT","AQS Data Mart"
"49","035","3006","43960","1","40.736389","-111.872222","WGS84","2-Methylheptane","1 HOUR","","2021","Parts per billion Carbon","No Events","6334","72",".",".","275","365","0","Certification not required","2426","0","","0.244354","0.354647",".","0","","","4.7342","2021-12-03 21:00","3.2123","2021-04-26 10:00","2.6321","2021-12-22 08:00","2.5834","2021-11-04 07:00","0.1171","0.3565","0.6654","0.9577","1.3613","1.65","1","","Utah","Salt Lake","Salt Lake City","Hawthorne","1675 SOUTH 600 EAST, SALT LAKE CITY","Salt Lake City, UT","AQS Data Mart"
"49","035","3006","88101","2","40.736389","-111.872222","WGS84","PM2.5 - Local Conditions","1 HOUR","","2021","Micrograms/cubic meter (LC)","No Events","8691","99",".",".","365","365","0","Certified","69","0","","9.28915","9.778638",".","0.3","","","109.9","2021-08-06 09:00","95.3","2021-08-18 22:00","93.1","2021-08-19 02:00","93","2021-08-18 23:00","6.4","10.9","19.2","28","40.6","53.7","1","","Utah","Salt Lake","Salt Lake City","Hawthorne","1675 SOUTH 600 EAST, SALT LAKE CITY","Salt Lake City, UT","AQS Data Mart"
"49","035","3006","88101","2","40.736389","-111.872222","WGS84","PM2.5 - Local Conditions","24-HR BLK AVG","PM25 24-hour 2012","2021","Micrograms/cubic meter (LC)","No Events","361","99","10","10","361","365","0","Certified","0","0","","9.228809","8.403733","9.22241952993541","1.3","","","52.8","2021-08-06 00:00","47.5","2021-12-22 00:00","47.1","2021-08-15 00:00","46.8","2021-08-07 00:00","6.4","10.9","17.7","26","40.8","46.8","1","","Utah","Salt Lake","Salt Lake City","Hawthorne","1675 SOUTH 600 EAST, SALT LAKE CITY","Salt Lake City, UT","AQS Data Mart"
"49","035","3006","61102","1","40.736389","-111.872222","WGS84","Wind Direction - Scalar","1 HOUR","","2021","Degrees Compass","No Events","8744","100",".",".","364","365","0","Certification not required","16","0","","167.222072","70.599581",".","0","","","339.7","2021-12-26 08:00","336.6","2021-12-15 04:00","335.7","2021-12-15 03:00","311.6","2021-12-11 23:00","150.8","235.8","271.4","280","288.3","294.9","1","","Utah","Salt Lake","Salt Lake City","Hawthorne","1675 SOUTH 600 EAST, SALT LAKE CITY","Salt Lake City, UT","AQS Data Mart"
"49","035","3006","45207","1","40.736389","-111.872222","WGS84","1,3,5-Trimethylbenzene","1 HOUR","","2021","Parts per billion Carbon","No Events","6334","72",".",".","275","365","0","Certification not required","2426","0","","0.184688","0.30986",".","0","","","2.8397","2021-12-22 08:00","2.8109","2021-01-22 08:00","2.5137","2021-12-07 08:00","2.4412","2021-01-22 09:00","0","0.2891","0.5575","0.811","1.1713","1.3801","1","","Utah","Salt Lake","Salt Lake City","Hawthorne","1675 SOUTH 600 EAST, SALT LAKE CITY","Salt Lake City, UT","AQS Data Mart"
"49","035","3006","43203","1","40.736389","-111.872222","WGS84","Ethylene","1 HOUR","","2021","Parts per billion Carbon","No Events","6334","72",".",".","275","365","0","Certification not required","2426","0","","3.167382","4.019534",".","0.0205","","","35.4173","2021-12-22 08:00","32.9827","2021-01-22 08:00","31.7591","2021-02-02 08:00","30.9586","2021-02-02 09:00","1.6626","3.7114","7.9238","11.7657","16.4507","20.1657","1","","Utah","Salt Lake","Salt Lake City","Hawthorne","1675 SOUTH 600 EAST, SALT LAKE CITY","Salt Lake City, UT","AQS Data Mart"
"49","035","3006","43206","1","40.736389","-111.872222","WGS84","Acetylene","1 HOUR","","2021","Parts per billion Carbon","No Events","6334","72",".",".","275","365","0","Certification not required","2426","0","","1.194388","1.608111",".","0","","","39.5864","2021-01-22 09:00","21.98","2021-01-22 10:00","14.9858","2021-12-22 06:00","14.4923","2021-01-22 08:00","0.6216","1.3375","2.9474","4.3422","6.1091","7.438","1","","Utah","Salt Lake","Salt Lake City","Hawthorne","1675 SOUTH 600 EAST, SALT LAKE CITY","Salt Lake City, UT","AQS Data Mart"
"49","035","3006","43227","1","40.736389","-111.872222","WGS84","cis-2-Pentene","1 HOUR","","2021","Parts per billion Carbon","No Events","6334","72",".",".","275","365","0","Certification not required","2426","0","","0.08523","0.159576",".","0","","","4.2215","2021-04-26 10:00","3.7198","2021-11-23 05:00","3.5241","2021-11-23 04:00","3.5083","2021-12-03 07:00","0.04","0.1037","0.2226","0.3262","0.4726","0.5757","1","","Utah","Salt Lake","Salt Lake City","Hawthorne","1675 SOUTH 600 EAST, SALT LAKE CITY","Salt Lake City, UT","AQS Data Mart"
"49","035","3006","43202","1","40.736389","-111.872222","WGS84","Ethane","1 HOUR","","2021","Parts per billion Carbon","No Events","6334","72",".",".","275","365","0","Certification not required","2426","0","","11.913963","12.483681",".","1.5519","","","181.751","2021-01-15 23:00","151.1022","2021-01-15 22:00","105.4662","2021-12-22 06:00","105.1266","2021-01-22 08:00","7.2613","13.6851","27.0326","39.333","51.8009","61.1536","1","","Utah","Salt Lake","Salt Lake City","Hawthorne","1675 SOUTH 600 EAST, SALT LAKE CITY","Salt Lake City, UT","AQS Data Mart"
"49","035","3006","88184","5","40.736389","-111.872222","WGS84","Sodium PM2.5 LC","24 HOUR","","2021","Micrograms/cubic meter (LC)","No Events","117","96",".",".","117","122","0","Certification not required","6","0","","0.051205","0.059237",".","-0.011","","","0.314","2021-12-21 00:00","0.247","2021-04-19 00:00","0.183","2021-10-01 00:00","0.18","2021-06-06 00:00","0.032","0.087","0.133","0.176","0.183","0.247","1","","Utah","Salt Lake","Salt Lake City","Hawthorne","1675 SOUTH 600 EAST, SALT LAKE CITY","Salt Lake City, UT","AQS Data Mart"
"49","035","3006","43502","6","40.736389","-111.872222","WGS84","Formaldehyde","24 HOUR","","2021","Parts per billion Carbon","Events Inclucded","87","71",".",".","86","122","46","Certification not required","3","0","","0.84023","0.950332",".","0","","","5.6","2021-09-07 00:00","3.7","2021-10-01 00:00","3.3","2021-09-25 00:00","3.1","2021-03-23 00:00","0.4","1","2.2","2.7","3.7","5.6","1","","Utah","Salt Lake","Salt Lake City","Hawthorne","1675 SOUTH 600 EAST, SALT LAKE CITY","Salt Lake City, UT","AQS Data Mart"
"49","035","3006","44201","1","40.736389","-111.872222","WGS84","Ozone","8-HR RUN AVG BEGIN HOUR","Ozone 8-hour 2015","2021","Parts per million","No Events","6120","97","17","17","355","365","0","Certified","0","0","","0.044679","0.015957",".","0.004","","","0.086","2021-08-04 11:00","0.085","2021-07-12 11:00","0.081","2021-07-11 10:00","0.081","2021-08-08 11:00","0.044","0.056","0.067","0.07","0.077","0.081","1","","Utah","Salt Lake","Salt Lake City","Hawthorne","1675 SOUTH 600 EAST, SALT LAKE CITY","Salt Lake City, UT","AQS Data Mart"
"49","035","3006","44201","1","40.736389","-111.872222","WGS84","Ozone","1 HOUR","Ozone 1-hour 1979","2021","Parts per million","No Events","8453","98","0","0","358","365","0","Certified","307","0","","0.050366","0.017064",".","0.007","","","0.1","2021-07-11 12:00","0.1","2021-07-12 13:00","0.097","2021-08-04 14:00","0.096","2021-09-08 13:00","0.048","0.063","0.074","0.08","0.087","0.096","1","","Utah","Salt Lake","Salt Lake City","Hawthorne","1675 SOUTH 600 EAST, SALT LAKE CITY","Salt Lake City, UT","AQS Data Mart"
"49","035","3006","63301","1","40.736389","-111.872222","WGS84","Solar radiation","1 HOUR","","2021","Langleys/minute","No Events","8740","100",".",".","364","365","0","Certification not required","20","0","","0.259397","0.384347",".","0","","","1.51","2021-06-10 11:00","1.41","2021-06-14 12:00","1.41","2021-06-26 12:00","1.4","2021-06-12 12:00","0.01","0.44","0.95","1.14","1.28","1.33","1","","Utah","Salt Lake","Salt Lake City","Hawthorne","1675 SOUTH 600 EAST, SALT LAKE CITY","Salt Lake City, UT","AQS Data Mart"
"49","035","3006","88403","5","40.736389","-111.872222","WGS84","Sulfate PM2.5 LC","24 HOUR","","2021","Micrograms/cubic meter (LC)","Events Inclucded","117","96",".",".","117","122","29","Certification not required","6","0","","0.471453","0.285522",".","0.03","","","2.16","2021-07-24 00:00","1.48","2021-01-01 00:00","1.35","2021-12-21 00:00","0.94","2021-08-08 00:00","0.41","0.59","0.78","0.89","1.35","1.48","1","","Utah","Salt Lake","Salt Lake City","Hawthorne","1675 SOUTH 600 EAST, SALT LAKE CITY","Salt Lake City, UT","AQS Data Mart"
"49","035","3006","88110","5","40.736389","-111.872222","WGS84","Cadmium PM2.5 LC","24 HOUR","","2021","Micrograms/cubic meter (LC)","No Events","117","96",".",".","117","122","0","Certification not required","6","0","","0.001265","0.007825",".","-0.014","","","0.023","2021-05-01 00:00","0.021","2021-01-07 00:00","0.019","2021-07-15 00:00","0.017","2021-06-18 00:00","-0.001","0.007","0.012","0.016","0.019","0.021","1","","Utah","Salt Lake","Salt Lake City","Hawthorne","1675 SOUTH 600 EAST, SALT LAKE CITY","Salt Lake City, UT","AQS Data Mart"
"49","035","3006","88126","5","40.736389","-111.872222","WGS84","Iron PM2.5 LC","24 HOUR","","2021","Micrograms/cubic meter (LC)","No Events","117","96",".",".","117","122","0","Certification not required","6","0","","0.095325","0.05454",".","0.006","","","0.3","2021-12-06 00:00","0.295","2021-12-21 00:00","0.238","2021-12-03 00:00","0.229","2021-06-06 00:00","0.091","0.121","0.165","0.196","0.238","0.295","1","","Utah","Salt Lake","Salt Lake City","Hawthorne","1675 SOUTH 600 EAST, SALT LAKE CITY","Salt Lake City, UT","AQS Data Mart"
"49","035","3006","88381","5","40.736389","-111.872222","WGS84","EC PM2.5 LC TOT","24 HOUR","","2021","Micrograms/cubic meter (LC)","No Events","116","95",".",".","116","122","0","Certification not required","7","0","","0.45375","0.332004",".","0.068","","","1.898","2021-12-21 00:00","1.617","2021-12-03 00:00","1.391","2021-12-06 00:00","1.362","2021-09-07 00:00","0.346","0.559","0.875","1.244","1.391","1.617","1","","Utah","Salt Lake","Salt Lake City","Hawthorne","1675 SOUTH 600 EAST, SALT LAKE CITY","Salt Lake City, UT","AQS Data Mart"
"49","035","3006","88113","5","40.736389","-111.872222","WGS84","Cobalt PM2.5 LC","24 HOUR","","2021","Micrograms/cubic meter (LC)","Events Inclucded","117","96",".",".","117","122","29","Certification not required","6","0","","-0.000863","0.001066",".","-0.002","","","0.002","2021-05-10 00:00","0.002","2021-08-29 00:00","0.002","2021-12-24 00:00","0.001","2021-02-27 00:00","-0.001","0","0.001","0.001","0.002","0.002","1","","Utah","Salt Lake","Salt Lake City","Hawthorne","1675 SOUTH 600 EAST, SALT LAKE CITY","Salt Lake City, UT","AQS Data Mart"
"49","035","3006","88388","5","40.736389","-111.872222","WGS84","OP CSN_Rev Unadjusted PM2.5 LC TOT","24 HOUR","","2021","Micrograms/cubic meter (LC)","No Events","116","95",".",".","116","122","0","Certification not required","7","0","","0.467897","0.766997",".","0.031","","","6.05","2021-08-08 00:00","3.447","2021-08-29 00:00","3.127","2021-07-12 00:00","2.503","2021-09-04 00:00","0.247","0.397","0.884","2.231","3.127","3.447","1","","Utah","Salt Lake","Salt Lake City","Hawthorne","1675 SOUTH 600 EAST, SALT LAKE CITY","Salt Lake City, UT","AQS Data Mart"
"49","035","3006","43510","6","40.736389","-111.872222","WGS84","Butyraldehyde","24 HOUR","","2021","Parts per billion Carbon","Events Inclucded","86","70",".",".","85","122","45","Certification not required","4","0","","0.117872","0.113949",".","0","","","0.613","2021-03-23 00:00","0.47","2021-04-12 00:00","0.415","2021-05-01 00:00","0.401","2021-09-07 00:00","0.078","0.142","0.264","0.369","0.47","0.613","1","","Utah","Salt Lake","Salt Lake City","Hawthorne","1675 SOUTH 600 EAST, SALT LAKE CITY","Salt Lake City, UT","AQS Data Mart"
"49","035","3006","68111","5","40.736389","-111.872222","WGS84","Sample Flow Rate CV - Teflon Filter","24 HOUR","","2021","Percent","Events Inclucded","117","96",".",".","117","122","29","Certification not required","6","0","","0.895726","0.087487",".","0.7","","","1.4","2021-10-28 00:00","1.1","2021-05-07 00:00","1","2021-03-02 00:00","1","2021-03-17 00:00","0.9","0.9","1","1","1","1.1","1","","Utah","Salt Lake","Salt Lake City","Hawthorne","1675 SOUTH 600 EAST, SALT LAKE CITY","Salt Lake City, UT","AQS Data Mart"
"49","035","3006","88104","5","40.736389","-111.872222","WGS84","Aluminum PM2.5 LC","24 HOUR","","2021","Micrograms/cubic meter (LC)","No Events","117","96",".",".","117","122","0","Certification not required","6","0","","0.059718","0.057006",".","-0.013","","","0.311","2021-03-29 00:00","0.303","2021-06-06 00:00","0.206","2021-02-06 00:00","0.197","2021-05-19 00:00","0.047","0.086","0.128","0.181","0.206","0.303","1","","Utah","Salt Lake","Salt Lake City","Hawthorne","1675 SOUTH 600 EAST, SALT LAKE CITY","Salt Lake City, UT","AQS Data Mart"
"49","035","3006","88330","5","40.736389","-111.872222","WGS84","EC2 PM2.5 LC","24 HOUR","","2021","Micrograms/cubic meter (LC)","Events Inclucded","116","95",".",".","116","122","30","Certification not required","7","0","","0.15","0.068887",".","0.051","","","0.518","2021-08-08 00:00","0.377","2021-08-26 00:00","0.377","2021-09-07 00:00","0.305","2021-09-04 00:00","0.134","0.177","0.224","0.278","0.377","0.377","1","","Utah","Salt Lake","Salt Lake City","Hawthorne","1675 SOUTH 600 EAST, SALT LAKE CITY","Salt Lake City, UT","AQS Data Mart"
"49","035","3006","43247","1","40.736389","-111.872222","WGS84","2,4-Dimethylpentane","1 HOUR","","2021","Parts per billion Carbon","No Events","6334","72",".",".","275","365","0","Certification not required","2426","0","","0.369557","0.496525",".","0","","","11.4085","2021-04-26 10:00","5.9035","2021-11-15 17:00","5.1701","2021-12-03 21:00","4.372","2021-12-03 07:00","0.2256","0.49","0.9204","1.3027","1.868","2.2074","1","","Utah","Salt Lake","Salt Lake City","Hawthorne","1675 SOUTH 600 EAST, SALT LAKE CITY","Salt Lake City, UT","AQS Data Mart"
"49","035","3006","43280","1","40.736389","-111.872222","WGS84","1-Butene","1 HOUR","","2021","Parts per billion Carbon","No Events","6334","72",".",".","275","365","0","Certification not required","2426","0","","0.225843","0.271121",".","0","","","3.8167","2021-12-03 07:00","2.5036","2021-12-22 08:00","2.3115","2021-10-29 23:00","2.2282","2021-01-08 08:00","0.1315","0.2583","0.5162","0.7644","1.1413","1.3895","1","","Utah","Salt Lake","Salt Lake City","Hawthorne","1675 SOUTH 600 EAST, SALT LAKE CITY","Salt Lake City, UT","AQS Data Mart"
"49","035","3006","45213","1","40.736389","-111.872222","WGS84","p-Ethyltoluene","1 HOUR","","2021","Parts per billion Carbon","No Events","6334","72",".",".","275","365","0","Certification not required","2426","0","","0.198535","0.299064",".","0","","","2.5249","2021-10-22 08:00","2.2947","2021-01-22 08:00","2.0694","2021-01-22 09:00","2.0194","2021-08-08 21:00","0","0.358","0.6027","0.7898","1.0753","1.2508","1","","Utah","Salt Lake","Salt Lake City","Hawthorne","1675 SOUTH 600 EAST, SALT LAKE CITY","Salt Lake City, UT","AQS Data Mart"
"49","035","3006","68103","1","40.736389","-111.872222","WGS84","Ambient Min Temperature","24 HOUR","","2021","Degrees Centigrade","Events Inclucded","352","100",".",".","61","61","88","Certification not required","13","0","","7.203125","9.122404",".","-8.8","","","25.4","2021-06-19 00:00","24.8","2021-07-13 00:00","24.8","2021-07-18 00:00","24.8","2021-07-19 00:00","4.8","15.7","20.8","22.8","24.3","24.8","1","","Utah","Salt Lake","Salt Lake City","Hawthorne","1675 SOUTH 600 EAST, SALT LAKE CITY","Salt Lake City, UT","AQS Data Mart"
"49","035","3006","42602","1","40.736389","-111.872222","WGS84","Nitrogen dioxide (NO2)","1 HOUR","NO2 Annual 1971","2021","Parts per billion","No Events","8463","97",".",".","361","365","0","Certified","297","0","","12.499775","11.138544",".","0.7","","","62.8","2021-12-21 16:00","61.9","2021-12-22 08:00","61.8","2021-12-22 09:00","60.9","2021-12-22 10:00","8.3","18.3","30.6","36.1","40.9","44.1","1","","Utah","Salt Lake","Salt Lake City","Hawthorne","1675 SOUTH 600 EAST, SALT LAKE CITY","Salt Lake City, UT","AQS Data Mart"
"49","035","3006","42602","1","40.736389","-111.872222","WGS84","Nitrogen dioxide (NO2)","1 HOUR","NO2 1-hour 2010","2021","Parts per billion","No Events","8463","97","0",".","361","365","0","Certified","297","0","","25.007202","11.586036",".","2.4","","","62.8","2021-12-21 16:00","61.9","2021-12-22 08:00","53.7","2021-12-20 18:00","50","2021-02-02 09:00","24.4","34.6","40.5","42.8","46.6","50","1","","Utah","Salt Lake","Salt Lake City","Hawthorne","1675 SOUTH 600 EAST, SALT LAKE CITY","Salt Lake City, UT","AQS Data Mart"
"49","035","3006","42602","3","40.736389","-111.872222","WGS84","Nitrogen dioxide (NO2)","1 HOUR","NO2 Annual 1971","2021","Parts per billion","No Events","8397","96",".",".","357","365","0","Certified","363","0","","11.301917","10.317909",".","0.2","","","53.2","2021-12-21 16:00","52.1","2021-12-22 09:00","51.7","2021-12-22 08:00","50.1","2021-12-22 07:00","7.4","16.8","28","33.5","37.7","40.1","1","","Utah","Salt Lake","Salt Lake City","Hawthorne","1675 SOUTH 600 EAST, SALT LAKE CITY","Salt Lake City, UT","AQS Data Mart"
"49","035","3006","88328","5","40.736389","-111.872222","WGS84","OP PM2.5 LC TOR","24 HOUR","","2021","Micrograms/cubic meter (LC)","No Events","116","95",".",".","116","122","0","Certification not required","7","0","","0.331681","0.613353",".","-0.016","","","4.904","2021-08-08 00:00","2.899","2021-08-29 00:00","2.385","2021-07-12 00:00","2.058","2021-09-04 00:00","0.174","0.272","0.663","1.22","2.385","2.899","1","","Utah","Salt Lake","Salt Lake City","Hawthorne","1675 SOUTH 600 EAST, SALT LAKE CITY","Salt Lake City, UT","AQS Data Mart"
"49","035","3006","43212","1","40.736389","-111.872222","WGS84","n-Butane","1 HOUR","","2021","Parts per billion Carbon","No Events","6334","72",".",".","275","365","0","Certification not required","2426","0","","5.081319","8.33582",".","0.0232","","","335.7033","2021-12-03 07:00","212.7101","2021-02-23 03:00","181.7832","2021-11-23 05:00","171.9821","2021-11-23 04:00","2.9644","5.7014","11.0868","16.2624","23.5691","29.9641","1","","Utah","Salt Lake","Salt Lake City","Hawthorne","1675 SOUTH 600 EAST, SALT LAKE CITY","Salt Lake City, UT","AQS Data Mart"
"49","035","3006","43217","1","40.736389","-111.872222","WGS84","cis-2-Butene","1 HOUR","","2021","Parts per billion Carbon","No Events","6334","72",".",".","275","365","0","Certification not required","2426","0","","0.128304","0.227516",".","0","","","6.2881","2021-12-03 07:00","4.7399","2021-11-23 05:00","4.4635","2021-11-23 04:00","4.0766","2021-10-29 23:00","0.0629","0.1399","0.3134","0.4895","0.7375","0.9461","1","","Utah","Salt Lake","Salt Lake City","Hawthorne","1675 SOUTH 600 EAST, SALT LAKE CITY","Salt Lake City, UT","AQS Data Mart"
"49","035","3006","88376","5","40.736389","-111.872222","WGS84","OC3 CSN_Rev Unadjusted PM2.5 LC","24 HOUR","","2021","Micrograms/cubic meter (LC)","Events Inclucded","116","95",".",".","116","122","30","Certification not required","7","0","","0.799802","0.74714",".","0.165","","","5.47","2021-08-08 00:00","3.368","2021-08-29 00:00","3.35","2021-07-12 00:00","3.193","2021-09-07 00:00","0.6","0.949","1.354","2.579","3.35","3.368","1","","Utah","Salt Lake","Salt Lake City","Hawthorne","1675 SOUTH 600 EAST, SALT LAKE CITY","Salt Lake City, UT","AQS Data Mart"
"49","035","3006","88378","5","40.736389","-111.872222","WGS84","OP CSN_Rev Unadjusted PM2.5 LC TOR","24 HOUR","","2021","Micrograms/cubic meter (LC)","No Events","116","95",".",".","116","122","0","Certification not required","7","0","","0.342259","0.615092",".","0","","","4.92","2021-08-08 00:00","2.915","2021-08-29 00:00","2.403","2021-07-12 00:00","2.074","2021-09-04 00:00","0.178","0.287","0.678","1.236","2.403","2.915","1","","Utah","Salt Lake","Salt Lake City","Hawthorne","1675 SOUTH 600 EAST, SALT LAKE CITY","Salt Lake City, UT","AQS Data Mart"
"49","035","3006","43235","1","40.736389","-111.872222","WGS84","n-Nonane","1 HOUR","","2021","Parts per billion Carbon","No Events","6334","72",".",".","275","365","0","Certification not required","2426","0","","0.324376","0.382456",".","0","","","7.8691","2021-01-12 19:00","3.5395","2021-12-03 19:00","3.4229","2021-12-03 18:00","3.3581","2021-01-12 21:00","0.2372","0.4379","0.7422","1.0291","1.4686","1.7911","1","","Utah","Salt Lake","Salt Lake City","Hawthorne","1675 SOUTH 600 EAST, SALT LAKE CITY","Salt Lake City, UT","AQS Data Mart"
"49","035","3006","43238","1","40.736389","-111.872222","WGS84","n-Decane","1 HOUR","","2021","Parts per billion Carbon","No Events","6334","72",".",".","275","365","0","Certification not required","2426","0","","0.410288","0.474114",".","0","","","15.5455","2021-01-12 19:00","7.2523","2021-01-12 21:00","5.4798","2021-12-03 19:00","5.3065","2021-12-03 18:00","0.2896","0.5092","0.8319","1.2079","1.7791","2.0597","1","","Utah","Salt Lake","Salt Lake City","Hawthorne","1675 SOUTH 600 EAST, SALT LAKE CITY","Salt Lake City, UT","AQS Data Mart"
"49","035","3006","62101","1","40.736389","-111.872222","WGS84","Outdoor Temperature","1 HOUR","","2021","Degrees Fahrenheit","No Events","8746","100",".",".","364","365","0","Certification not required","14","0","","56.063458","19.815789",".","17","","","103","2021-06-15 17:00","103","2021-07-07 17:00","103","2021-07-07 18:00","102","2021-06-15 14:00","53","72","85","90","95","97","1","","Utah","Salt Lake","Salt Lake City","Hawthorne","1675 SOUTH 600 EAST, SALT LAKE CITY","Salt Lake City, UT","AQS Data Mart"
"49","035","3006","42401","2","40.736389","-111.872222","WGS84","Sulfur dioxide","5 MINUTE","","2021","Parts per billion","No Events","101703","97",".",".","358","365","0","Certification not required","3417","0","","1.086345","0.784569",".","-1.8","","","11.3","2021-12-22 18:45","11.2","2021-12-22 18:50","10.6","2021-12-22 18:40","10.2","2021-12-22 18:55","1.1","1.7","2.1","2.3","2.5","2.7","1","","Utah","Salt Lake","Salt Lake City","Hawthorne","1675 SOUTH 600 EAST, SALT LAKE CITY","Salt Lake City, UT","AQS Data Mart"
"49","035","3006","88101","4","40.736389","-111.872222","WGS84","PM2.5 - Local Conditions","1 HOUR","","2021","Micrograms/cubic meter (LC)","No Events","8743","100",".",".","365","365","0","Certified","17","0","","8.498982","9.144963",".","-5.6","","","91.5","2021-08-18 23:00","90.9","2021-08-18 22:00","90.5","2021-08-19 00:00","88.3","2021-08-18 21:00","6","10.4","18.4","25.9","36.3","47.9","1","","Utah","Salt Lake","Salt Lake City","Hawthorne","1675 SOUTH 600 EAST, SALT LAKE CITY","Salt Lake City, UT","AQS Data Mart"
"49","035","3006","88101","4","40.736389","-111.872222","WGS84","PM2.5 - Local Conditions","24-HR BLK AVG","PM25 24-hour 2012","2021","Micrograms/cubic meter (LC)","No Events","365","100","10","10","365","365","0","Certified","0","0","","8.449589","7.733009","8.42821315761533","-1.5","","","45.7","2021-08-18 00:00","45.5","2021-08-15 00:00","44.3","2021-12-22 00:00","44.2","2021-08-06 00:00","6.3","10.4","16.7","22.7","36.9","44.2","1","","Utah","Salt Lake","Salt Lake City","Hawthorne","1675 SOUTH 600 EAST, SALT LAKE CITY","Salt Lake City, UT","AQS Data Mart"
"49","035","3006","43216","1","40.736389","-111.872222","WGS84","trans-2-Butene","1 HOUR","","2021","Parts per billion Carbon","No Events","6334","72",".",".","275","365","0","Certification not required","2426","0","","0.143352","0.241557",".","0","","","7.3745","2021-12-03 07:00","4.724","2021-11-23 05:00","4.5295","2021-10-29 23:00","4.3902","2021-11-23 04:00","0.0729","0.1598","0.342","0.5353","0.8377","1.0492","1","","Utah","Salt Lake","Salt Lake City","Hawthorne","1675 SOUTH 600 EAST, SALT LAKE CITY","Salt Lake City, UT","AQS Data Mart"
"49","035","3006","43218","1","40.736389","-111.872222","WGS84","1,3-Butadiene","1 HOUR","","2021","Parts per billion Carbon","No Events","6334","72",".",".","275","365","0","Certification not required","2426","0","","0.206741","0.270979",".","0","","","3.5933","2021-10-25 20:00","2.4273","2021-11-30 18:00","2.3619","2021-11-30 19:00","2.208","2021-11-29 20:00","0.0936","0.2927","0.5377","0.7601","1.0426","1.2314","1","","Utah","Salt Lake","Salt Lake City","Hawthorne","1675 SOUTH 600 EAST, SALT LAKE CITY","Salt Lake City, UT","AQS Data Mart"
"49","035","3006","43291","1","40.736389","-111.872222","WGS84","2,3-Dimethylpentane","1 HOUR","","2021","Parts per billion Carbon","No Events","6334","72",".",".","275","365","0","Certification not required","2426","0","","0.550252","0.703626",".","0","","","15.2842","2021-04-26 10:00","13.0353","2021-11-15 17:00","7.2053","2021-10-31 20:00","6.4549","2021-12-03 21:00","0.354","0.7196","1.3081","1.8692","2.7182","3.2369","1","","Utah","Salt Lake","Salt Lake City","Hawthorne","1675 SOUTH 600 EAST, SALT LAKE CITY","Salt Lake City, UT","AQS Data Mart"
"49","035","3006","68118","5","40.736389","-111.872222","WGS84","Average Ambient Pressure for URG3000N","24 HOUR","","2021","Millimeters (mercury)","Events Inclucded","116","95",".",".","116","122","30","Certification not required","7","0","","649.931034","4.237974",".","640","","","661","2021-11-21 00:00","658","2021-01-10 00:00","658","2021-02-21 00:00","658","2021-11-12 00:00","650","652","656","657","658","658","1","","Utah","Salt Lake","Salt Lake City","Hawthorne","1675 SOUTH 600 EAST, SALT LAKE CITY","Salt Lake City, UT","AQS Data Mart"
"49","035","3006","88107","5","40.736389","-111.872222","WGS84","Barium PM2.5 LC","24 HOUR","","2021","Micrograms/cubic meter (LC)","No Events","117","96",".",".","117","122","0","Certification not required","6","0","","0.008795","0.021977",".","-0.042","","","0.089","2021-09-19 00:00","0.058","2021-05-25 00:00","0.057","2021-03-29 00:00","0.056","2021-12-03 00:00","0.006","0.022","0.039","0.05","0.057","0.058","1","","Utah","Salt Lake","Salt Lake City","Hawthorne","1675 SOUTH 600 EAST, SALT LAKE CITY","Salt Lake City, UT","AQS Data Mart"
"49","035","3006","88112","5","40.736389","-111.872222","WGS84","Chromium PM2.5 LC","24 HOUR","","2021","Micrograms/cubic meter (LC)","No Events","117","96",".",".","117","122","0","Certification not required","6","0","","0.00106","0.002673",".","-0.002","","","0.017","2021-06-03 00:00","0.015","2021-01-25 00:00","0.007","2021-09-28 00:00","0.006","2021-12-21 00:00","0.001","0.002","0.003","0.005","0.007","0.015","1","","Utah","Salt Lake","Salt Lake City","Hawthorne","1675 SOUTH 600 EAST, SALT LAKE CITY","Salt Lake City, UT","AQS Data Mart"
"49","035","3006","88160","5","40.736389","-111.872222","WGS84","Tin PM2.5 LC","24 HOUR","","2021","Micrograms/cubic meter (LC)","No Events","117","96",".",".","117","122","0","Certification not required","6","0","","-0.001171","0.009433",".","-0.021","","","0.028","2021-10-04 00:00","0.025","2021-03-29 00:00","0.02","2021-01-22 00:00","0.019","2021-12-21 00:00","-0.002","0.005","0.011","0.014","0.02","0.025","1","","Utah","Salt Lake","Salt Lake City","Hawthorne","1675 SOUTH 600 EAST, SALT LAKE CITY","Salt Lake City, UT","AQS Data Mart"
"49","035","3006","88166","5","40.736389","-111.872222","WGS84","Silver PM2.5 LC","24 HOUR","","2021","Micrograms/cubic meter (LC)","No Events","117","96",".",".","117","122","0","Certification not required","6","0","","0.000513","0.006824",".","-0.013","","","0.02","2021-04-13 00:00","0.014","2021-05-01 00:00","0.014","2021-05-22 00:00","0.014","2021-12-27 00:00","0","0.006","0.01","0.012","0.014","0.014","1","","Utah","Salt Lake","Salt Lake City","Hawthorne","1675 SOUTH 600 EAST, SALT LAKE CITY","Salt Lake City, UT","AQS Data Mart"
"49","035","3006","88321","5","40.736389","-111.872222","WGS84","EC PM2.5 LC TOR","24 HOUR","","2021","Micrograms/cubic meter (LC)","No Events","116","95",".",".","116","122","0","Certification not required","7","0","","0.579431","0.473659",".","0.07","","","2.407","2021-08-08 00:00","2.382","2021-09-07 00:00","2.365","2021-12-21 00:00","1.732","2021-12-03 00:00","0.404","0.733","1.181","1.554","2.365","2.382","1","","Utah","Salt Lake","Salt Lake City","Hawthorne","1675 SOUTH 600 EAST, SALT LAKE CITY","Salt Lake City, UT","AQS Data Mart"
"49","035","3006","88117","5","40.736389","-111.872222","WGS84","Cerium PM2.5 LC","24 HOUR","","2021","Micrograms/cubic meter (LC)","No Events","117","96",".",".","117","122","0","Certification not required","6","0","","-0.002009","0.020017",".","-0.038","","","0.055","2021-10-19 00:00","0.046","2021-05-07 00:00","0.044","2021-10-04 00:00","0.039","2021-08-26 00:00","-0.004","0.01","0.025","0.036","0.044","0.046","1","","Utah","Salt Lake","Salt Lake City","Hawthorne","1675 SOUTH 600 EAST, SALT LAKE CITY","Salt Lake City, UT","AQS Data Mart"
"49","035","3006","88128","5","40.736389","-111.872222","WGS84","Lead PM2.5 LC","24 HOUR","","2021","Micrograms/cubic meter (LC)","No Events","117","96",".",".","117","122","0","Certification not required","6","0","","0.002718","0.006879",".","-0.007","","","0.035","2021-12-21 00:00","0.029","2021-11-30 00:00","0.022","2021-12-03 00:00","0.021","2021-11-27 00:00","0.002","0.005","0.01","0.014","0.022","0.029","1","","Utah","Salt Lake","Salt Lake City","Hawthorne","1675 SOUTH 600 EAST, SALT LAKE CITY","Salt Lake City, UT","AQS Data Mart"
"49","035","3006","88161","5","40.736389","-111.872222","WGS84","Titanium PM2.5 LC","24 HOUR","","2021","Micrograms/cubic meter (LC)","No Events","117","96",".",".","117","122","0","Certification not required","6","0","","0.006051","0.004285",".","-0.002","","","0.019","2021-06-06 00:00","0.018","2021-03-29 00:00","0.016","2021-12-03 00:00","0.016","2021-12-21 00:00","0.005","0.008","0.012","0.015","0.016","0.018","1","","Utah","Salt Lake","Salt Lake City","Hawthorne","1675 SOUTH 600 EAST, SALT LAKE CITY","Salt Lake City, UT","AQS Data Mart"
"49","035","3006","88374","5","40.736389","-111.872222","WGS84","OC1 CSN_Rev Unadjusted PM2.5 LC","24 HOUR","","2021","Micrograms/cubic meter (LC)","Events Inclucded","116","95",".",".","116","122","30","Certification not required","7","0","","0.084621","0.087896",".","0.007","","","0.619","2021-08-08 00:00","0.519","2021-12-21 00:00","0.3","2021-09-07 00:00","0.295","2021-12-03 00:00","0.057","0.095","0.166","0.233","0.3","0.519","1","","Utah","Salt Lake","Salt Lake City","Hawthorne","1675 SOUTH 600 EAST, SALT LAKE CITY","Salt Lake City, UT","AQS Data Mart"
"49","035","3006","68114","5","40.736389","-111.872222","WGS84","Sample Volume - Teflon Filter","24 HOUR","","2021","Cubic meter","Events Inclucded","117","96",".",".","117","122","29","Certification not required","6","0","","9.7","0",".","9.7","","","9.7","2021-01-01 00:00","9.7","2021-01-04 00:00","9.7","2021-01-07 00:00","9.7","2021-01-10 00:00","9.7","9.7","9.7","9.7","9.7","9.7","1","","Utah","Salt Lake","Salt Lake City","Hawthorne","1675 SOUTH 600 EAST, SALT LAKE CITY","Salt Lake City, UT","AQS Data Mart"
"49","035","3006","88325","5","40.736389","-111.872222","WGS84","OC2 PM2.5 LC","24 HOUR","","2021","Micrograms/cubic meter (LC)","Events Inclucded","116","95",".",".","116","122","30","Certification not required","7","0","","0.540259","0.519099",".","0.141","","","3.705","2021-08-08 00:00","2.543","2021-08-29 00:00","2.226","2021-07-12 00:00","2.156","2021-09-07 00:00","0.396","0.559","0.935","1.76","2.226","2.543","1","","Utah","Salt Lake","Salt Lake City","Hawthorne","1675 SOUTH 600 EAST, SALT LAKE CITY","Salt Lake City, UT","AQS Data Mart"
"49","035","3006","62201","1","40.736389","-111.872222","WGS84","Relative Humidity","1 HOUR","","2021","Percent relative humidity","No Events","8744","100",".",".","364","365","0","Certification not required","16","0","","46.085659","23.701055",".","3","","","100","2021-02-13 19:00","100","2021-02-14 00:00","100","2021-02-14 01:00","100","2021-02-16 01:00","42","64","82","90","95","97","1","","Utah","Salt Lake","Salt Lake City","Hawthorne","1675 SOUTH 600 EAST, SALT LAKE CITY","Salt Lake City, UT","AQS Data Mart"
"49","035","3006","88101","4","40.736389","-111.872222","WGS84","PM2.5 - Local Conditions","24-HR BLK AVG","PM25 Annual 2012","2021","Micrograms/cubic meter (LC)","No Events","365","100",".",".","365","365","0","Certified","0","0","","8.449589","7.733009","8.42821315761533","-1.5","","","45.7","2021-08-18 00:00","45.5","2021-08-15 00:00","44.3","2021-12-22 00:00","44.2","2021-08-06 00:00","6.3","10.4","16.7","22.7","36.9","44.2","1","","Utah","Salt Lake","Salt Lake City","Hawthorne","1675 SOUTH 600 EAST, SALT LAKE CITY","Salt Lake City, UT","AQS Data Mart"
"49","035","3006","43954","1","40.736389","-111.872222","WGS84","n-Undecane","1 HOUR","","2021","Parts per billion Carbon","No Events","6334","72",".",".","275","365","0","Certification not required","2426","0","","0.212671","0.278289",".","0","","","5.7826","2021-01-12 19:00","3.9463","2021-05-01 18:00","3.65","2021-02-19 19:00","3.2967","2021-01-12 21:00","0.1495","0.3073","0.4907","0.7051","0.9724","1.1866","1","","Utah","Salt Lake","Salt Lake City","Hawthorne","1675 SOUTH 600 EAST, SALT LAKE CITY","Salt Lake City, UT","AQS Data Mart"
"49","035","3006","45201","1","40.736389","-111.872222","WGS84","Benzene","1 HOUR","","2021","Parts per billion Carbon","No Events","6334","72",".",".","275","365","0","Certification not required","2426","0","","1.259218","1.162582",".","0","","","10.6594","2021-12-03 21:00","9.9598","2021-08-06 09:00","9.3019","2021-12-22 08:00","8.6299","2021-12-07 08:00","0.8473","1.5186","2.6717","3.6728","5.0036","6.0135","1","","Utah","Salt Lake","Salt Lake City","Hawthorne","1675 SOUTH 600 EAST, SALT LAKE CITY","Salt Lake City, UT","AQS Data Mart"
"49","035","3006","45225","1","40.736389","-111.872222","WGS84","1,2,3-Trimethylbenzene","1 HOUR","","2021","Parts per billion Carbon","No Events","6334","72",".",".","275","365","0","Certification not required","2426","0","","0.146376","0.195023",".","0","","","1.8252","2021-01-12 19:00","1.6082","2021-01-22 08:00","1.5852","2021-12-22 08:00","1.5045","2021-12-07 08:00","0.109","0.182","0.3503","0.5415","0.7954","0.9836","1","","Utah","Salt Lake","Salt Lake City","Hawthorne","1675 SOUTH 600 EAST, SALT LAKE CITY","Salt Lake City, UT","AQS Data Mart"
"49","035","3006","88101","2","40.736389","-111.872222","WGS84","PM2.5 - Local Conditions","24-HR BLK AVG","PM25 Annual 2012","2021","Micrograms/cubic meter (LC)","No Events","361","99",".",".","361","365","0","Certified","0","0","","9.228809","8.403733","9.22241952993541","1.3","","","52.8","2021-08-06 00:00","47.5","2021-12-22 00:00","47.1","2021-08-15 00:00","46.8","2021-08-07 00:00","6.4","10.9","17.7","26","40.8","46.8","1","","Utah","Salt Lake","Salt Lake City","Hawthorne","1675 SOUTH 600 EAST, SALT LAKE CITY","Salt Lake City, UT","AQS Data Mart"
"49","035","3006","88320","5","40.736389","-111.872222","WGS84","OC PM2.5 LC TOR","24 HOUR","","2021","Micrograms/cubic meter (LC)","No Events","116","95",".",".","116","122","0","Certification not required","7","0","","1.989138","2.039255",".","0.392","","","15.822","2021-08-08 00:00","9.512","2021-08-29 00:00","8.491","2021-07-12 00:00","8.03","2021-09-07 00:00","1.439","2.058","3.276","6.907","8.491","9.512","1","","Utah","Salt Lake","Salt Lake City","Hawthorne","1675 SOUTH 600 EAST, SALT LAKE CITY","Salt Lake City, UT","AQS Data Mart"
"49","035","3006","88380","5","40.736389","-111.872222","WGS84","EC CSN_Rev Unadjusted PM2.5 LC TOR","24 HOUR","","2021","Micrograms/cubic meter (LC)","No Events","116","95",".",".","116","122","0","Certification not required","7","0","","0.579431","0.473663",".","0.07","","","2.407","2021-08-08 00:00","2.382","2021-09-07 00:00","2.365","2021-12-21 00:00","1.732","2021-12-03 00:00","0.404","0.733","1.181","1.554","2.365","2.382","1","","Utah","Salt Lake","Salt Lake City","Hawthorne","1675 SOUTH 600 EAST, SALT LAKE CITY","Salt Lake City, UT","AQS Data Mart"
"49","035","3006","88118","5","40.736389","-111.872222","WGS84","Cesium PM2.5 LC","24 HOUR","","2021","Micrograms/cubic meter (LC)","No Events","117","96",".",".","117","122","0","Certification not required","6","0","","0.000538","0.016326",".","-0.036","","","0.042","2021-03-11 00:00","0.037","2021-03-23 00:00","0.037","2021-05-16 00:00","0.036","2021-09-22 00:00","-0.001","0.012","0.022","0.034","0.037","0.037","1","","Utah","Salt Lake","Salt Lake City","Hawthorne","1675 SOUTH 600 EAST, SALT LAKE CITY","Salt Lake City, UT","AQS Data Mart"
"49","035","3006","88132","5","40.736389","-111.872222","WGS84","Manganese PM2.5 LC","24 HOUR","","2021","Micrograms/cubic meter (LC)","No Events","117","96",".",".","117","122","0","Certification not required","6","0","","0.001718","0.002348",".","-0.003","","","0.007","2021-06-18 00:00","0.007","2021-07-09 00:00","0.007","2021-12-21 00:00","0.006","2021-03-08 00:00","0.002","0.003","0.005","0.005","0.007","0.007","1","","Utah","Salt Lake","Salt Lake City","Hawthorne","1675 SOUTH 600 EAST, SALT LAKE CITY","Salt Lake City, UT","AQS Data Mart"
"49","035","3006","63102","5","40.736389","-111.872222","WGS84","Light Absorption Coeffiecient","24 HOUR","","2021","Inverse 100 Megameters","No Events","117","96",".",".","117","122","0","Certification not required","1","0","","0.062669","0.053105",".","0.0018685","","","0.2964119","2021-12-21 00:00","0.2122463","2021-08-08 00:00","0.2107496","2021-12-03 00:00","0.2041376","2021-07-12 00:00","0.0467282","0.0799463","0.1453308","0.1868599","0.2107496","0.2122463","1","","Utah","Salt Lake","Salt Lake City","Hawthorne","1675 SOUTH 600 EAST, SALT LAKE CITY","Salt Lake City, UT","AQS Data Mart"
"49","035","3006","43256","1","40.736389","-111.872222","WGS84","alpha.-Pinene","1 HOUR","","2021","Parts per billion Carbon","No Events","6334","72",".",".","275","365","0","Certification not required","2426","0","","0.510077","0.544652",".","0","","","7.3217","2021-12-22 08:00","5.4671","2021-12-22 07:00","4.5323","2021-06-18 20:00","3.9287","2021-11-04 19:00","0.3227","0.692","1.2428","1.6185","2.1443","2.4858","1","","Utah","Salt Lake","Salt Lake City","Hawthorne","1675 SOUTH 600 EAST, SALT LAKE CITY","Salt Lake City, UT","AQS Data Mart"
"49","035","3006","61101","1","40.736389","-111.872222","WGS84","Wind Speed - Scalar","1 HOUR","","2021","Knots","No Events","8724","100",".",".","364","365","0","Certification not required","36","0","","3.3663","2.304733",".","0.3","","","16.1","2021-04-13 21:00","15.5","2021-04-13 22:00","15.5","2021-04-14 05:00","15.4","2021-04-14 06:00","2.7","4.3","6.6","8.1","10","11.4","1","","Utah","Salt Lake","Salt Lake City","Hawthorne","1675 SOUTH 600 EAST, SALT LAKE CITY","Salt Lake City, UT","AQS Data Mart"
"49","035","3006","43246","1","40.736389","-111.872222","WGS84","2-Methyl-1-pentene","1 HOUR","","2021","Parts per billion Carbon","No Events","6334","72",".",".","275","365","0","Certification not required","2426","0","","0.035742","0.060628",".","0","","","1.8351","2021-04-26 10:00","0.9672","2021-12-03 21:00","0.8819","2021-12-16 23:00","0.8284","2021-02-01 01:00","0.017","0.0503","0.0995","0.1392","0.1983","0.2381","1","","Utah","Salt Lake","Salt Lake City","Hawthorne","1675 SOUTH 600 EAST, SALT LAKE CITY","Salt Lake City, UT","AQS Data Mart"
"49","035","3006","43248","1","40.736389","-111.872222","WGS84","Cyclohexane","1 HOUR","","2021","Parts per billion Carbon","No Events","6334","72",".",".","275","365","0","Certification not required","2426","0","","0.408584","0.511699",".","0","","","6.9641","2021-12-03 21:00","6.0701","2021-01-14 08:00","5.9499","2021-02-01 01:00","4.3729","2021-12-03 07:00","0.2718","0.5581","1.0121","1.4225","1.9527","2.3436","1","","Utah","Salt Lake","Salt Lake City","Hawthorne","1675 SOUTH 600 EAST, SALT LAKE CITY","Salt Lake City, UT","AQS Data Mart"
"49","035","3006","43252","1","40.736389","-111.872222","WGS84","2,3,4-Trimethylpentane","1 HOUR","","2021","Parts per billion Carbon","No Events","6334","72",".",".","275","365","0","Certification not required","2426","0","","0.33095","0.469943",".","0","","","12.4478","2021-04-09 11:00","9.377","2021-04-09 14:00","7.5572","2021-04-26 10:00","4.2658","2021-04-09 09:00","0.2016","0.4312","0.7982","1.1469","1.7016","2.0567","1","","Utah","Salt Lake","Salt Lake City","Hawthorne","1675 SOUTH 600 EAST, SALT LAKE CITY","Salt Lake City, UT","AQS Data Mart"
"49","035","3006","45219","1","40.736389","-111.872222","WGS84","p-Diethylbenzene","1 HOUR","","2021","Parts per billion Carbon","No Events","6334","72",".",".","275","365","0","Certification not required","2426","0","","0.153941","0.204491",".","0","","","2.2069","2021-12-13 08:00","2.1482","2021-01-12 19:00","1.4053","2021-08-08 21:00","1.285","2021-12-22 08:00","0","0.2616","0.4186","0.5697","0.7244","0.8426","1","","Utah","Salt Lake","Salt Lake City","Hawthorne","1675 SOUTH 600 EAST, SALT LAKE CITY","Salt Lake City, UT","AQS Data Mart"
"49","035","3006","43243","1","40.736389","-111.872222","WGS84","Isoprene","1 HOUR","","2021","Parts per billion Carbon","No Events","6334","72",".",".","275","365","0","Certification not required","2426","0","","0.521622","1.352441",".","0","","","33.8131","2021-07-10 20:00","24.0182","2021-06-18 20:00","23.8548","2021-07-25 20:00","22.7802","2021-07-10 19:00","0.1482","0.455","1.2945","2.0998","3.6793","5.8262","1","","Utah","Salt Lake","Salt Lake City","Hawthorne","1675 SOUTH 600 EAST, SALT LAKE CITY","Salt Lake City, UT","AQS Data Mart"
"49","035","3006","43231","1","40.736389","-111.872222","WGS84","n-Hexane","1 HOUR","","2021","Parts per billion Carbon","No Events","6334","72",".",".","275","365","0","Certification not required","2426","0","","1.399917","1.539241",".","0","","","22.9344","2021-12-03 21:00","18.9467","2021-12-03 07:00","15.8611","2021-04-26 10:00","13.78","2021-11-05 08:00","0.884","1.7794","3.205","4.4556","6.3809","7.4118","1","","Utah","Salt Lake","Salt Lake City","Hawthorne","1675 SOUTH 600 EAST, SALT LAKE CITY","Salt Lake City, UT","AQS Data Mart"
"49","035","3006","43253","1","40.736389","-111.872222","WGS84","3-Methylheptane","1 HOUR","","2021","Parts per billion Carbon","No Events","6334","72",".",".","275","365","0","Certification not required","2426","0","","0.282826","0.378729",".","0","","","5.1713","2021-12-03 21:00","3.6513","2021-04-26 10:00","2.804","2021-08-08 21:00","2.7768","2021-12-22 08:00","0.174","0.3674","0.7106","1.0728","1.4995","1.7967","1","","Utah","Salt Lake","Salt Lake City","Hawthorne","1675 SOUTH 600 EAST, SALT LAKE CITY","Salt Lake City, UT","AQS Data Mart"
"49","035","3006","43262","1","40.736389","-111.872222","WGS84","Methylcyclopentane","1 HOUR","","2021","Parts per billion Carbon","No Events","6334","72",".",".","275","365","0","Certification not required","2426","0","","0.607211","0.712763",".","0","","","12.0759","2021-12-03 21:00","10.131","2021-12-03 07:00","7.1671","2021-04-26 10:00","6.4445","2021-02-01 01:00","0.3726","0.8033","1.457","2.0246","2.7747","3.298","1","","Utah","Salt Lake","Salt Lake City","Hawthorne","1675 SOUTH 600 EAST, SALT LAKE CITY","Salt Lake City, UT","AQS Data Mart"
"49","035","3006","68101","1","40.736389","-111.872222","WGS84","Sample Flow Rate- CV","24 HOUR","","2021","Percent","Events Inclucded","352","100",".",".","61","61","88","Certification not required","13","0","","0.097443","0.021858",".","0","","","0.3","2021-02-14 00:00","0.2","2021-11-24 00:00","0.1","2021-01-01 00:00","0.1","2021-01-02 00:00","0.1","0.1","0.1","0.1","0.1","0.1","1","","Utah","Salt Lake","Salt Lake City","Hawthorne","1675 SOUTH 600 EAST, SALT LAKE CITY","Salt Lake City, UT","AQS Data Mart"
"49","035","3006","88176","5","40.736389","-111.872222","WGS84","Rubidium PM2.5 LC","24 HOUR","","2021","Micrograms/cubic meter (LC)","No Events","117","96",".",".","117","122","0","Certification not required","6","0","","-0.000103","0.002057",".","-0.003","","","0.007","2021-04-19 00:00","0.005","2021-01-31 00:00","0.005","2021-06-30 00:00","0.005","2021-11-09 00:00","-0.001","0.001","0.003","0.004","0.005","0.005","1","","Utah","Salt Lake","Salt Lake City","Hawthorne","1675 SOUTH 600 EAST, SALT LAKE CITY","Salt Lake City, UT","AQS Data Mart"
"49","035","3006","88167","5","40.736389","-111.872222","WGS84","Zinc PM2.5 LC","24 HOUR","","2021","Micrograms/cubic meter (LC)","No Events","117","96",".",".","117","122","0","Certification not required","6","0","","0.008171","0.00703",".","0","","","0.048","2021-12-21 00:00","0.033","2021-12-06 00:00","0.032","2021-12-03 00:00","0.028","2021-08-08 00:00","0.006","0.009","0.016","0.021","0.032","0.033","1","","Utah","Salt Lake","Salt Lake City","Hawthorne","1675 SOUTH 600 EAST, SALT LAKE CITY","Salt Lake City, UT","AQS Data Mart"
"49","035","3006","88357","5","40.736389","-111.872222","WGS84","EC CSN_Rev Unadjusted PM2.5 LC TOT","24 HOUR","","2021","Micrograms/cubic meter (LC)","No Events","116","95",".",".","116","122","0","Certification not required","7","0","","0.453759","0.332025",".","0.068","","","1.898","2021-12-21 00:00","1.617","2021-12-03 00:00","1.391","2021-12-06 00:00","1.362","2021-09-07 00:00","0.346","0.559","0.875","1.244","1.391","1.617","1","","Utah","Salt Lake","Salt Lake City","Hawthorne","1675 SOUTH 600 EAST, SALT LAKE CITY","Salt Lake City, UT","AQS Data Mart"
"49","035","3006","68115","5","40.736389","-111.872222","WGS84","Sample Volume - Nylon Filter","24 HOUR","","2021","Cubic meter","Events Inclucded","117","96",".",".","117","122","29","Certification not required","6","0","","9.7","0",".","9.7","","","9.7","2021-01-01 00:00","9.7","2021-01-04 00:00","9.7","2021-01-07 00:00","9.7","2021-01-10 00:00","9.7","9.7","9.7","9.7","9.7","9.7","1","","Utah","Salt Lake","Salt Lake City","Hawthorne","1675 SOUTH 600 EAST, SALT LAKE CITY","Salt Lake City, UT","AQS Data Mart"
"49","035","3006","88385","5","40.736389","-111.872222","WGS84","EC3 CSN_Rev Unadjusted PM2.5 LC","24 HOUR","","2021","Micrograms/cubic meter (LC)","No Events","116","95",".",".","116","122","0","Certification not required","7","0","","0.010323","0.006886",".","0.00016","","","0.04716","2021-08-08 00:00","0.03337","2021-09-04 00:00","0.03234","2021-08-26 00:00","0.02989","2021-08-29 00:00","0.00924","0.01286","0.01695","0.02078","0.03234","0.03337","1","","Utah","Salt Lake","Salt Lake City","Hawthorne","1675 SOUTH 600 EAST, SALT LAKE CITY","Salt Lake City, UT","AQS Data Mart"
"49","035","3006","88302","5","40.736389","-111.872222","WGS84","Sodium Ion Pm2.5 LC","24 HOUR","","2021","Micrograms/cubic meter (LC)","Events Inclucded","117","96",".",".","117","122","29","Certification not required","6","0","","0.036752","0.039432",".","0","","","0.29","2021-05-07 00:00","0.18","2021-12-21 00:00","0.15","2021-05-22 00:00","0.15","2021-12-30 00:00","0.03","0.05","0.07","0.1","0.15","0.18","1","","Utah","Salt Lake","Salt Lake City","Hawthorne","1675 SOUTH 600 EAST, SALT LAKE CITY","Salt Lake City, UT","AQS Data Mart"
"49","035","3006","88401","5","40.736389","-111.872222","WGS84","Reconstructed Mass PM2.5 LC","24 HOUR","","2021","Micrograms/cubic meter (LC)","No Events","111","91",".",".","111","122","0","Certification not required","12","0","","6.941859","5.196715",".","1.6555","","","35.83816","2021-12-21 00:00","28.25289","2021-08-08 00:00","20.52171","2021-12-03 00:00","18.35928","2021-01-13 00:00","5.42524","7.85195","12.39601","17.26189","20.52171","28.25289","1","","Utah","Salt Lake","Salt Lake City","Hawthorne","1675 SOUTH 600 EAST, SALT LAKE CITY","Salt Lake City, UT","AQS Data Mart"
"49","035","3006","45202","1","40.736389","-111.872222","WGS84","Toluene","1 HOUR","","2021","Parts per billion Carbon","No Events","6334","72",".",".","275","365","0","Certification not required","2426","0","","3.366592","3.622408",".","0","","","52.316","2021-04-09 11:00","40.8088","2021-04-09 14:00","39.1139","2021-04-26 10:00","38.0659","2021-12-03 21:00","2.1166","4.2851","7.4814","10.4831","15.168","17.8527","1","","Utah","Salt Lake","Salt Lake City","Hawthorne","1675 SOUTH 600 EAST, SALT LAKE CITY","Salt Lake City, UT","AQS Data Mart"
"49","035","3006","45209","1","40.736389","-111.872222","WGS84","n-Propylbenzene","1 HOUR","","2021","Parts per billion Carbon","No Events","6334","72",".",".","275","365","0","Certification not required","2426","0","","0.140802","0.206697",".","0","","","1.8149","2021-10-22 08:00","1.8091","2021-01-12 21:00","1.7075","2021-12-03 19:00","1.632","2021-12-03 18:00","0","0.2398","0.3944","0.5399","0.7481","0.9144","1","","Utah","Salt Lake","Salt Lake City","Hawthorne","1675 SOUTH 600 EAST, SALT LAKE CITY","Salt Lake City, UT","AQS Data Mart"
"49","035","3006","45212","1","40.736389","-111.872222","WGS84","m-Ethyltoluene","1 HOUR","","2021","Parts per billion Carbon","No Events","6334","72",".",".","275","365","0","Certification not required","2426","0","","0.479315","0.519676",".","0","","","4.8017","2021-10-22 08:00","4.3002","2021-01-22 08:00","4.0053","2021-08-08 21:00","3.8715","2021-12-22 08:00","0.2966","0.6776","1.135","1.515","2.0639","2.3883","1","","Utah","Salt Lake","Salt Lake City","Hawthorne","1675 SOUTH 600 EAST, SALT LAKE CITY","Salt Lake City, UT","AQS Data Mart"
"49","035","3006","45218","1","40.736389","-111.872222","WGS84","m-Diethylbenzene","1 HOUR","","2021","Parts per billion Carbon","No Events","6334","72",".",".","275","365","0","Certification not required","2426","0","","0.222129","0.219603",".","0","","","2.1616","2021-12-13 08:00","1.9797","2021-06-16 16:00","1.8843","2021-06-16 06:00","1.8018","2021-01-12 19:00","0.1662","0.2831","0.4984","0.661","0.8517","1.0296","1","","Utah","Salt Lake","Salt Lake City","Hawthorne","1675 SOUTH 600 EAST, SALT LAKE CITY","Salt Lake City, UT","AQS Data Mart"
"49","035","3006","88383","5","40.736389","-111.872222","WGS84","EC1 CSN_Rev Unadjusted PM2.5 LC","24 HOUR","","2021","Micrograms/cubic meter (LC)","No Events","116","95",".",".","116","122","0","Certification not required","7","0","","0.754935","0.911824",".","0.08905","","","6.75535","2021-08-08 00:00","3.91355","2021-08-29 00:00","3.75938","2021-07-12 00:00","3.18098","2021-09-07 00:00","0.4712","0.88396","1.51251","2.90317","3.75938","3.91355","1","","Utah","Salt Lake","Salt Lake City","Hawthorne","1675 SOUTH 600 EAST, SALT LAKE CITY","Salt Lake City, UT","AQS Data Mart"
"49","035","3006","88180","5","40.736389","-111.872222","WGS84","Potassium PM2.5 LC","24 HOUR","","2021","Micrograms/cubic meter (LC)","No Events","117","96",".",".","117","122","0","Certification not required","6","0","","0.078624","0.169197",".","0.005","","","1.646","2021-07-24 00:00","0.77","2021-01-01 00:00","0.375","2021-08-08 00:00","0.293","2021-06-03 00:00","0.045","0.072","0.116","0.202","0.375","0.77","1","","Utah","Salt Lake","Salt Lake City","Hawthorne","1675 SOUTH 600 EAST, SALT LAKE CITY","Salt Lake City, UT","AQS Data Mart"
"49","035","3006","68109","1","40.736389","-111.872222","WGS84","Elapsed Sample Time","24 HOUR","","2021","Minutes","Events Inclucded","352","100",".",".","61","61","88","Certification not required","13","0","","1438.696023","1.826112",".","1426","","","1442","2021-11-28 00:00","1440","2021-02-07 00:00","1440","2021-02-23 00:00","1440","2021-04-11 00:00","1439","1439","1439","1439","1440","1440","1","","Utah","Salt Lake","Salt Lake City","Hawthorne","1675 SOUTH 600 EAST, SALT LAKE CITY","Salt Lake City, UT","AQS Data Mart"
"49","035","3006","88114","5","40.736389","-111.872222","WGS84","Copper PM2.5 LC","24 HOUR","","2021","Micrograms/cubic meter (LC)","No Events","117","96",".",".","117","122","0","Certification not required","6","0","","0.003197","0.00517",".","-0.004","","","0.025","2021-01-01 00:00","0.02","2021-12-21 00:00","0.019","2021-07-24 00:00","0.016","2021-11-30 00:00","0.002","0.005","0.01","0.013","0.019","0.02","1","","Utah","Salt Lake","Salt Lake City","Hawthorne","1675 SOUTH 600 EAST, SALT LAKE CITY","Salt Lake City, UT","AQS Data Mart"
"49","035","3006","88152","5","40.736389","-111.872222","WGS84","Phosphorus PM2.5 LC","24 HOUR","","2021","Micrograms/cubic meter (LC)","No Events","117","96",".",".","117","122","0","Certification not required","6","0","","0.00035","0.000941",".","0","","","0.005","2021-06-15 00:00","0.005","2021-09-10 00:00","0.004","2021-01-25 00:00","0.003","2021-01-01 00:00","0","0","0.001","0.002","0.004","0.005","1","","Utah","Salt Lake","Salt Lake City","Hawthorne","1675 SOUTH 600 EAST, SALT LAKE CITY","Salt Lake City, UT","AQS Data Mart"
"49","035","3006","42601","3","40.736389","-111.872222","WGS84","Nitric oxide (NO)","1 HOUR","","2021","Parts per billion","Events Inclucded","8396","96",".",".","357","365","2114","Certification not required","364","0","","6.466984","15.67565",".","-0.3","","","204.3","2021-12-22 08:00","171.8","2021-12-22 07:00","168.8","2021-01-22 08:00","166.8","2021-12-22 09:00","0.9","3.7","18.3","37.3","63.2","80.8","1","","Utah","Salt Lake","Salt Lake City","Hawthorne","1675 SOUTH 600 EAST, SALT LAKE CITY","Salt Lake City, UT","AQS Data Mart"
"49","035","3006","42603","3","40.736389","-111.872222","WGS84","Oxides of nitrogen (NOx)","1 HOUR","","2021","Parts per billion","Events Inclucded","8398","96",".",".","357","365","2114","Certification not required","362","0","","17.586413","24.03402",".","0.2","","","255.9","2021-12-22 08:00","221.9","2021-12-22 07:00","218.8","2021-12-22 09:00","211.3","2021-01-22 08:00","8.3","20.4","46","67.6","96.9","117.5","1","","Utah","Salt Lake","Salt Lake City","Hawthorne","1675 SOUTH 600 EAST, SALT LAKE CITY","Salt Lake City, UT","AQS Data Mart"
"49","035","3006","88327","5","40.736389","-111.872222","WGS84","OC4 PM2.5 LC","24 HOUR","","2021","Micrograms/cubic meter (LC)","No Events","116","95",".",".","116","122","0","Certification not required","7","0","","0.333181","0.179658",".","0.059","","","1.28","2021-09-07 00:00","1.226","2021-08-08 00:00","0.943","2021-08-26 00:00","0.607","2021-02-06 00:00","0.3","0.389","0.512","0.573","0.943","1.226","1","","Utah","Salt Lake","Salt Lake City","Hawthorne","1675 SOUTH 600 EAST, SALT LAKE CITY","Salt Lake City, UT","AQS Data Mart"
"49","035","3006","88326","5","40.736389","-111.872222","WGS84","OC3 PM2.5 LC","24 HOUR","","2021","Micrograms/cubic meter (LC)","Events Inclucded","116","95",".",".","116","122","30","Certification not required","7","0","","0.729414","0.745101",".","0.098","","","5.394","2021-08-08 00:00","3.292","2021-08-29 00:00","3.268","2021-07-12 00:00","3.121","2021-09-07 00:00","0.542","0.875","1.283","2.507","3.268","3.292","1","","Utah","Salt Lake","Salt Lake City","Hawthorne","1675 SOUTH 600 EAST, SALT LAKE CITY","Salt Lake City, UT","AQS Data Mart"
"49","035","3006","43242","1","40.736389","-111.872222","WGS84","Cyclopentane","1 HOUR","","2021","Parts per billion Carbon","No Events","6334","72",".",".","275","365","0","Certification not required","2426","0","","0.188748","0.207674",".","0","","","4.3614","2021-12-03 07:00","2.7722","2021-12-03 21:00","2.5084","2021-12-22 08:00","2.3789","2021-12-22 07:00","0.1251","0.2436","0.4204","0.5797","0.7806","0.9305","1","","Utah","Salt Lake","Salt Lake City","Hawthorne","1675 SOUTH 600 EAST, SALT LAKE CITY","Salt Lake City, UT","AQS Data Mart"
"49","035","3006","43244","1","40.736389","-111.872222","WGS84","2,2-Dimethylbutane","1 HOUR","","2021","Parts per billion Carbon","No Events","6334","72",".",".","275","365","0","Certification not required","2426","0","","0.115992","0.115179",".","0","","","2.0515","2021-07-26 05:00","2.0353","2021-12-03 21:00","1.5799","2021-12-03 07:00","1.1027","2021-08-20 02:00","0.0817","0.1515","0.2518","0.3353","0.4355","0.5213","1","","Utah","Salt Lake","Salt Lake City","Hawthorne","1675 SOUTH 600 EAST, SALT LAKE CITY","Salt Lake City, UT","AQS Data Mart"
"49","035","3006","45109","1","40.736389","-111.872222","WGS84","m/p Xylene","1 HOUR","","2021","Parts per billion Carbon","No Events","6334","72",".",".","275","365","0","Certification not required","2426","0","","2.098996","2.387215",".","0","","","35.9355","2021-11-05 08:00","23.874","2021-12-03 18:00","22.0437","2021-12-03 19:00","21.595","2021-01-22 09:00","1.2738","2.656","4.7199","6.7556","9.7124","11.7556","1","","Utah","Salt Lake","Salt Lake City","Hawthorne","1675 SOUTH 600 EAST, SALT LAKE CITY","Salt Lake City, UT","AQS Data Mart"
"49","035","3006","88164","5","40.736389","-111.872222","WGS84","Vanadium PM2.5 LC","24 HOUR","","2021","Micrograms/cubic meter (LC)","No Events","117","96",".",".","117","122","0","Certification not required","6","0","","0.000077","0.000268",".","0","","","0.001","2021-01-28 00:00","0.001","2021-04-16 00:00","0.001","2021-05-07 00:00","0.001","2021-06-15 00:00","0","0","0","0.001","0.001","0.001","1","","Utah","Salt Lake","Salt Lake City","Hawthorne","1675 SOUTH 600 EAST, SALT LAKE CITY","Salt Lake City, UT","AQS Data Mart"
"49","035","3006","88185","5","40.736389","-111.872222","WGS84","Zirconium PM2.5 LC","24 HOUR","","2021","Micrograms/cubic meter (LC)","No Events","117","96",".",".","117","122","0","Certification not required","6","0","","0.001573","0.007806",".","-0.013","","","0.024","2021-12-06 00:00","0.022","2021-03-05 00:00","0.019","2021-07-09 00:00","0.017","2021-01-22 00:00","0","0.008","0.011","0.016","0.019","0.022","1","","Utah","Salt Lake","Salt Lake City","Hawthorne","1675 SOUTH 600 EAST, SALT LAKE CITY","Salt Lake City, UT","AQS Data Mart"
"49","035","3006","42600","1","40.736389","-111.872222","WGS84","Reactive oxides of nitrogen (NOy)","1 HOUR","","2021","Parts per billion","Events Inclucded","7117","81",".",".","308","365","2037","Certification not required","1643","0","","17.7718","24.617732",".","-0.8","","","267","2021-12-22 08:00","232.2","2021-12-22 07:00","224.5","2021-12-22 09:00","220.1","2021-12-22 06:00","8.4","20.8","46.2","67.9","98.5","120.8","1","","Utah","Salt Lake","Salt Lake City","Hawthorne","1675 SOUTH 600 EAST, SALT LAKE CITY","Salt Lake City, UT","AQS Data Mart"
"49","035","3006","68108","1","40.736389","-111.872222","WGS84","Average Ambient Pressure","24 HOUR","","2021","Millimeters (mercury)","Events Inclucded","352","100",".",".","61","61","88","Certification not required","13","0","","651.676136","4.143123",".","641","","","663","2021-11-25 00:00","662","2021-11-21 00:00","661","2021-01-14 00:00","660","2021-01-15 00:00","652","654","657","658","659","660","1","","Utah","Salt Lake","Salt Lake City","Hawthorne","1675 SOUTH 600 EAST, SALT LAKE CITY","Salt Lake City, UT","AQS Data Mart"
"49","035","3006","68102","1","40.736389","-111.872222","WGS84","Sample Volume","24 HOUR","","2021","Cubic meter","Events Inclucded","352","100",".",".","61","61","88","Certification not required","13","0","","23.994034","0.032794",".","23.8","","","24","2021-01-01 00:00","24","2021-01-02 00:00","24","2021-01-03 00:00","24","2021-01-04 00:00","24","24","24","24","24","24","1","","Utah","Salt Lake","Salt Lake City","Hawthorne","1675 SOUTH 600 EAST, SALT LAKE CITY","Salt Lake City, UT","AQS Data Mart"
"49","035","3006","88329","5","40.736389","-111.872222","WGS84","EC1 PM2.5 LC","24 HOUR","","2021","Micrograms/cubic meter (LC)","No Events","116","95",".",".","116","122","0","Certification not required","7","0","","0.751414","0.910588",".","0.084","","","6.746","2021-08-08 00:00","3.904","2021-08-29 00:00","3.752","2021-07-12 00:00","3.175","2021-09-07 00:00","0.469","0.882","1.505","2.894","3.752","3.904","1","","Utah","Salt Lake","Salt Lake City","Hawthorne","1675 SOUTH 600 EAST, SALT LAKE CITY","Salt Lake City, UT","AQS Data Mart"
"49","035","3006","88154","5","40.736389","-111.872222","WGS84","Selenium PM2.5 LC","24 HOUR","","2021","Micrograms/cubic meter (LC)","No Events","117","96",".",".","117","122","0","Certification not required","6","0","","0.000205","0.00129",".","-0.002","","","0.003","2021-01-28 00:00","0.003","2021-03-29 00:00","0.003","2021-05-07 00:00","0.003","2021-06-30 00:00","0","0.001","0.002","0.003","0.003","0.003","1","","Utah","Salt Lake","Salt Lake City","Hawthorne","1675 SOUTH 600 EAST, SALT LAKE CITY","Salt Lake City, UT","AQS Data Mart"
"49","035","3006","43518","6","40.736389","-111.872222","WGS84","Valeraldehyde","24 HOUR","","2021","Parts per billion Carbon","Events Inclucded","86","70",".",".","85","122","45","Certification not required","4","0","","0.098837","0.117317",".","0","","","0.5","2021-09-07 00:00","0.4","2021-03-23 00:00","0.4","2021-10-01 00:00","0.4","2021-10-07 00:00","0.1","0.1","0.3","0.4","0.4","0.5","1","","Utah","Salt Lake","Salt Lake City","Hawthorne","1675 SOUTH 600 EAST, SALT LAKE CITY","Salt Lake City, UT","AQS Data Mart"
"49","035","3006","43552","6","40.736389","-111.872222","WGS84","Methyl ethyl ketone","24 HOUR","","2021","Parts per billion Carbon","Events Inclucded","86","70",".",".","85","122","45","Certification not required","4","0","","0.245349","0.252357",".","0","","","1.8","2021-05-01 00:00","0.9","2021-11-18 00:00","0.8","2021-01-13 00:00","0.7","2021-03-23 00:00","0.1","0.3","0.6","0.6","0.9","1.8","1","","Utah","Salt Lake","Salt Lake City","Hawthorne","1675 SOUTH 600 EAST, SALT LAKE CITY","Salt Lake City, UT","AQS Data Mart"
"49","035","3006","43518","8","40.736389","-111.872222","WGS84","Valeraldehyde","8 HOUR","","2021","Parts per billion Carbon","Events Inclucded","88","24",".",".","28","122","29","Certification not required","2","0","","0.226136","0.242352",".","0","","","1.3","2021-07-15 04:00","1.1","2021-07-12 12:00","0.9","2021-06-03 04:00","0.8","2021-07-21 04:00","0.1","0.3","0.6","0.8","1.1","1.3","1","","Utah","Salt Lake","Salt Lake City","Hawthorne","1675 SOUTH 600 EAST, SALT LAKE CITY","Salt Lake City, UT","AQS Data Mart"
"49","035","3006","88384","5","40.736389","-111.872222","WGS84","EC2 CSN_Rev Unadjusted PM2.5 LC","24 HOUR","","2021","Micrograms/cubic meter (LC)","Events Inclucded","116","95",".",".","116","122","30","Certification not required","7","0","","0.156412","0.069133",".","0.05507","","","0.52439","2021-08-08 00:00","0.38525","2021-09-07 00:00","0.38399","2021-08-26 00:00","0.31284","2021-09-04 00:00","0.14158","0.18427","0.22922","0.28717","0.38399","0.38525","1","","Utah","Salt Lake","Salt Lake City","Hawthorne","1675 SOUTH 600 EAST, SALT LAKE CITY","Salt Lake City, UT","AQS Data Mart"
"49","035","3006","64101","1","40.736389","-111.872222","WGS84","Barometric pressure","1 HOUR","","2021","Millibars","No Events","6179","100",".",".","258","258","0","Certification not required","13","0","","971.790095","1627.07812",".","851","","","27034","2021-04-18 02:00","27034","2021-04-18 09:00","27034","2021-04-18 21:00","27030","2021-04-18 00:00","870","873","877","880","882","884","1","","Utah","Salt Lake","Salt Lake City","Hawthorne","1675 SOUTH 600 EAST, SALT LAKE CITY","Salt Lake City, UT","AQS Data Mart"
"49","035","3006","88101","1","40.736389","-111.872222","WGS84","PM2.5 - Local Conditions","24 HOUR","PM25 24-hour 2012","2021","Micrograms/cubic meter (LC)","No Events","352","96","9","9","352","365","0","Certified","13","0","","8.178409","7.611525","8.17110283873215","0.8","","","48","2021-08-06 00:00","42.6","2021-12-22 00:00","40.5","2021-08-15 00:00","39.6","2021-08-07 00:00","5.6","10.2","16.8","23.4","36.5","39.6","1","","Utah","Salt Lake","Salt Lake City","Hawthorne","1675 SOUTH 600 EAST, SALT LAKE CITY","Salt Lake City, UT","AQS Data Mart"
"49","035","3006","88101","1","40.736389","-111.872222","WGS84","PM2.5 - Local Conditions","24 HOUR","PM25 Annual 2012","2021","Micrograms/cubic meter (LC)","No Events","352","96",".",".","352","365","0","Certified","13","0","","8.178409","7.611525","8.17110283873215","0.8","","","48","2021-08-06 00:00","42.6","2021-12-22 00:00","40.5","2021-08-15 00:00","39.6","2021-08-07 00:00","5.6","10.2","16.8","23.4","36.5","39.6","1","","Utah","Salt Lake","Salt Lake City","Hawthorne","1675 SOUTH 600 EAST, SALT LAKE CITY","Salt Lake City, UT","AQS Data Mart"
"49","035","3006","68104","1","40.736389","-111.872222","WGS84","Ambient Max Temperature","24 HOUR","","2021","Degrees Centigrade","Events Inclucded","352","100",".",".","61","61","88","Certification not required","13","0","","21.550284","11.749142",".","-2","","","43.2","2021-07-07 00:00","43.1","2021-07-11 00:00","42.6","2021-07-12 00:00","42.2","2021-07-08 00:00","20.2","32.6","38.4","40","41.1","42.2","1","","Utah","Salt Lake","Salt Lake City","Hawthorne","1675 SOUTH 600 EAST, SALT LAKE CITY","Salt Lake City, UT","AQS Data Mart"
"49","035","3006","42612","1","40.736389","-111.872222","WGS84","NOy - NO","1 HOUR","","2021","Parts per billion","Events Inclucded","7121","81",".",".","309","365","2038","Certification not required","1639","0","","11.780087","11.422812",".","-1.1","","","125.6","2021-12-28 07:00","113.7","2021-12-28 06:00","71","2021-12-27 09:00","67.3","2021-12-06 09:00","7.5","16.9","29.5","36.2","42.5","46","1","","Utah","Salt Lake","Salt Lake City","Hawthorne","1675 SOUTH 600 EAST, SALT LAKE CITY","Salt Lake City, UT","AQS Data Mart"
"49","035","3006","81102","1","40.736389","-111.872222","WGS84","PM10 Total 0-10um STP","24 HOUR","PM10 24-hour 2006","2021","Micrograms/cubic meter (25 C)","No Events","352","96","0","0","352","365","0","Certified","13","0","","22.423295","15.413755","22.4365123058075","3","","","94","2021-08-06 00:00","93","2021-04-05 00:00","77","2021-05-07 00:00","73","2021-03-06 00:00","19","28","43","56","63","73","1","","Utah","Salt Lake","Salt Lake City","Hawthorne","1675 SOUTH 600 EAST, SALT LAKE CITY","Salt Lake City, UT","AQS Data Mart"
"49","035","3006","88102","5","40.736389","-111.872222","WGS84","Antimony PM2.5 LC","24 HOUR","","2021","Micrograms/cubic meter (LC)","No Events","117","96",".",".","117","122","0","Certification not required","6","0","","0.000906","0.01027",".","-0.018","","","0.028","2021-04-25 00:00","0.025","2021-12-21 00:00","0.023","2021-10-07 00:00","0.021","2021-04-28 00:00","-0.001","0.008","0.016","0.02","0.023","0.025","1","","Utah","Salt Lake","Salt Lake City","Hawthorne","1675 SOUTH 600 EAST, SALT LAKE CITY","Salt Lake City, UT","AQS Data Mart"
"49","035","3006","68106","1","40.736389","-111.872222","WGS84","Sample Min Baro Pressure","24 HOUR","","2021","Millimeters (mercury)","Events Inclucded","352","100",".",".","61","61","88","Certification not required","13","0","","648.940341","4.432381",".","636","","","660","2021-11-21 00:00","660","2021-11-25 00:00","659","2021-01-14 00:00","658","2021-01-11 00:00","649","652","654","656","658","658","1","","Utah","Salt Lake","Salt Lake City","Hawthorne","1675 SOUTH 600 EAST, SALT LAKE CITY","Salt Lake City, UT","AQS Data Mart"
"49","035","3006","88165","5","40.736389","-111.872222","WGS84","Silicon PM2.5 LC","24 HOUR","","2021","Micrograms/cubic meter (LC)","No Events","117","96",".",".","117","122","0","Certification not required","6","0","","0.192051","0.179475",".","-0.004","","","1.086","2021-06-06 00:00","1.008","2021-03-29 00:00","0.816","2021-02-06 00:00","0.593","2021-05-07 00:00","0.154","0.235","0.399","0.491","0.816","1.008","1","","Utah","Salt Lake","Salt Lake City","Hawthorne","1675 SOUTH 600 EAST, SALT LAKE CITY","Salt Lake City, UT","AQS Data Mart"
"49","035","3006","88168","5","40.736389","-111.872222","WGS84","Strontium PM2.5 LC","24 HOUR","","2021","Micrograms/cubic meter (LC)","Events Inclucded","117","96",".",".","117","122","29","Certification not required","6","0","","0.00106","0.002621",".","-0.002","","","0.017","2021-01-01 00:00","0.008","2021-02-06 00:00","0.008","2021-05-07 00:00","0.008","2021-07-24 00:00","0.001","0.002","0.004","0.006","0.008","0.008","1","","Utah","Salt Lake","Salt Lake City","Hawthorne","1675 SOUTH 600 EAST, SALT LAKE CITY","Salt Lake City, UT","AQS Data Mart"
"49","035","3006","88140","5","40.736389","-111.872222","WGS84","Magnesium PM2.5 LC","24 HOUR","","2021","Micrograms/cubic meter (LC)","No Events","117","96",".",".","117","122","0","Certification not required","6","0","","0.018444","0.037649",".","-0.023","","","0.209","2021-02-06 00:00","0.194","2021-03-29 00:00","0.117","2021-05-07 00:00","0.091","2021-10-16 00:00","0.01","0.034","0.058","0.082","0.117","0.194","1","","Utah","Salt Lake","Salt Lake City","Hawthorne","1675 SOUTH 600 EAST, SALT LAKE CITY","Salt Lake City, UT","AQS Data Mart"
"49","035","3006","43257","1","40.736389","-111.872222","WGS84","beta.-Pinene","1 HOUR","","2021","Parts per billion Carbon","No Events","6334","72",".",".","275","365","0","Certification not required","2426","0","","0.407355","0.335731",".","0","","","3.9081","2021-06-18 12:00","3.8993","2021-06-17 17:00","3.898","2021-06-17 18:00","3.7148","2021-06-16 16:00","0.3387","0.493","0.7147","0.9553","1.3705","1.8262","1","","Utah","Salt Lake","Salt Lake City","Hawthorne","1675 SOUTH 600 EAST, SALT LAKE CITY","Salt Lake City, UT","AQS Data Mart"
"49","035","3006","61301","1","40.736389","-111.872222","WGS84","Mixing Height","1 HOUR","","2021","Meters","Events Inclucded","7339","84",".",".","305","365","1897","Certification not required","1421","0","","798.600627","786.181238",".","10","","","3970","2021-03-19 19:00","3940","2021-10-24 22:00","3930","2021-03-19 20:00","3930","2021-03-19 21:00","460","1160","1960","2540","3050","3400","1","","Utah","Salt Lake","Salt Lake City","Hawthorne","1675 SOUTH 600 EAST, SALT LAKE CITY","Salt Lake City, UT","AQS Data Mart"
"49","035","3006","43285","1","40.736389","-111.872222","WGS84","2-Methylpentane","1 HOUR","","2021","Parts per billion Carbon","No Events","6334","72",".",".","275","365","0","Certification not required","2426","0","","1.296589","1.360387",".","0","","","24.7658","2021-12-03 07:00","22.8613","2021-12-03 21:00","19.569","2021-04-26 10:00","12.5527","2021-02-01 01:00","0.8644","1.6543","2.8276","3.8635","5.3029","6.3638","1","","Utah","Salt Lake","Salt Lake City","Hawthorne","1675 SOUTH 600 EAST, SALT LAKE CITY","Salt Lake City, UT","AQS Data Mart"
"49","035","3006","43214","1","40.736389","-111.872222","WGS84","Isobutane","1 HOUR","","2021","Parts per billion Carbon","No Events","6334","72",".",".","275","365","0","Certification not required","2426","0","","2.856741","4.013045",".","0.0232","","","116.0845","2021-12-03 07:00","107.5408","2021-02-23 03:00","94.0845","2021-01-12 23:00","38.1688","2021-10-29 23:00","1.6417","3.3172","6.4874","9.6107","13.6065","16.7319","1","","Utah","Salt Lake","Salt Lake City","Hawthorne","1675 SOUTH 600 EAST, SALT LAKE CITY","Salt Lake City, UT","AQS Data Mart"
"49","035","3006","43220","1","40.736389","-111.872222","WGS84","n-Pentane","1 HOUR","","2021","Parts per billion Carbon","No Events","6334","72",".",".","275","365","0","Certification not required","2426","0","","3.485938","2.871873",".","0","","","72.4374","2021-12-03 07:00","31.2441","2021-12-03 21:00","28.0166","2021-12-03 10:00","27.7604","2021-07-26 05:00","2.9115","4.5227","6.7309","8.6356","11.0552","13.3317","1","","Utah","Salt Lake","Salt Lake City","Hawthorne","1675 SOUTH 600 EAST, SALT LAKE CITY","Salt Lake City, UT","AQS Data Mart"
